Player,Tm,Pos,Age,G,GS,Tgt,Rec,PassingYds,PassingTD,PassingAtt,RushingYds,RushingTD,RushingAtt,ReceivingYds,ReceivingTD,FantasyPoints,Int,Fumbles,FumblesLost
David Johnson,ARI,RB,25.0,16.0,16.0,120.0,80.0,0.0,0.0,0.0,1239.0,16.0,293.0,879.0,4.0,405.8,0.0,5.0,3.0
Ezekiel Elliott,DAL,RB,21.0,15.0,15.0,39.0,32.0,0.0,0.0,0.0,1631.0,15.0,322.0,363.0,1.0,325.4,0.0,5.0,1.0
LeSean McCoy,BUF,RB,28.0,15.0,15.0,57.0,50.0,0.0,0.0,0.0,1267.0,13.0,234.0,356.0,1.0,296.3,0.0,3.0,0.0
Aaron Rodgers,GNB,QB,33.0,16.0,16.0,0.0,0.0,4428.0,40.0,610.0,369.0,4.0,67.0,0.0,0.0,376.02,7.0,8.0,4.0
DeMarco Murray,TEN,RB,28.0,16.0,16.0,67.0,53.0,10.0,1.0,2.0,1287.0,9.0,293.0,377.0,3.0,293.7999999999999,0.0,3.0,1.0
Le'Veon Bell,PIT,RB,24.0,12.0,12.0,94.0,75.0,0.0,0.0,1.0,1268.0,7.0,261.0,616.0,2.0,315.4,0.0,4.0,1.0
Devonta Freeman,ATL,RB,24.0,16.0,16.0,65.0,54.0,0.0,0.0,0.0,1079.0,11.0,227.0,462.0,2.0,284.1,0.0,1.0,1.0
LeGarrette Blount,NWE,RB,30.0,16.0,8.0,8.0,7.0,0.0,0.0,0.0,1161.0,18.0,299.0,38.0,0.0,232.9,0.0,2.0,1.0
Matt Ryan,ATL,QB,31.0,16.0,16.0,0.0,0.0,4944.0,38.0,534.0,117.0,0.0,35.0,0.0,0.0,343.46,7.0,4.0,2.0
Mike Evans,TAM,WR,23.0,16.0,16.0,173.0,96.0,0.0,0.0,0.0,0.0,0.0,0.0,1321.0,12.0,300.1,0.0,0.0,0.0
Jordy Nelson,GNB,WR,31.0,16.0,16.0,152.0,97.0,0.0,0.0,0.0,0.0,0.0,0.0,1257.0,14.0,304.7,0.0,1.0,1.0
Antonio Brown,PIT,WR,28.0,15.0,15.0,154.0,106.0,0.0,0.0,0.0,9.0,0.0,3.0,1284.0,12.0,307.2999999999999,0.0,0.0,0.0
Melvin Gordon,SDG,RB,23.0,13.0,11.0,57.0,41.0,0.0,0.0,0.0,997.0,10.0,254.0,419.0,2.0,250.6,0.0,2.0,2.0
Jordan Howard,CHI,RB,22.0,15.0,13.0,50.0,29.0,0.0,0.0,0.0,1313.0,6.0,252.0,298.0,1.0,230.1,0.0,2.0,1.0
Odell Beckham,NYG,WR,24.0,16.0,16.0,169.0,101.0,0.0,0.0,0.0,9.0,0.0,1.0,1367.0,10.0,296.6,0.0,3.0,1.0
Drew Brees,NOR,QB,37.0,16.0,16.0,0.0,0.0,5208.0,37.0,673.0,20.0,2.0,23.0,0.0,0.0,332.32,15.0,5.0,4.0
Mark Ingram,NOR,RB,27.0,16.0,14.0,58.0,46.0,0.0,0.0,0.0,1043.0,6.0,205.0,319.0,4.0,238.2,0.0,2.0,2.0
T.Y. Hilton,IND,WR,27.0,16.0,16.0,155.0,91.0,0.0,0.0,0.0,0.0,0.0,0.0,1448.0,6.0,271.8,0.0,0.0,0.0
Jay Ajayi,MIA,RB,23.0,15.0,12.0,35.0,27.0,0.0,0.0,0.0,1272.0,8.0,260.0,151.0,0.0,215.3,0.0,4.0,1.0
Julio Jones,ATL,WR,27.0,14.0,14.0,129.0,83.0,0.0,0.0,0.0,0.0,0.0,0.0,1409.0,6.0,259.9,0.0,0.0,0.0
Travis Kelce,KAN,TE,27.0,16.0,15.0,117.0,85.0,0.0,0.0,0.0,-5.0,0.0,1.0,1125.0,4.0,221.0,0.0,0.0,0.0
Davante Adams,GNB,WR,24.0,16.0,15.0,121.0,75.0,0.0,0.0,0.0,0.0,0.0,0.0,997.0,12.0,244.7,0.0,2.0,1.0
Frank Gore,IND,RB,33.0,16.0,16.0,47.0,38.0,0.0,0.0,0.0,1025.0,4.0,263.0,277.0,4.0,214.2,0.0,2.0,1.0
Latavius Murray,OAK,RB,26.0,14.0,12.0,43.0,33.0,0.0,0.0,0.0,788.0,12.0,195.0,264.0,0.0,208.2,0.0,2.0,1.0
Brandin Cooks,NOR,WR,23.0,16.0,12.0,117.0,78.0,0.0,0.0,0.0,30.0,0.0,6.0,1173.0,8.0,246.3,0.0,1.0,0.0
Greg Olsen,CAR,TE,31.0,16.0,16.0,129.0,80.0,0.0,0.0,0.0,0.0,0.0,0.0,1073.0,3.0,205.3,0.0,0.0,0.0
Andrew Luck,IND,QB,27.0,15.0,15.0,0.0,0.0,4240.0,31.0,545.0,341.0,2.0,64.0,0.0,0.0,303.7000000000001,13.0,6.0,5.0
Kyle Rudolph,MIN,TE,27.0,16.0,16.0,132.0,83.0,0.0,0.0,0.0,0.0,0.0,0.0,840.0,7.0,209.0,0.0,0.0,0.0
Kirk Cousins,WAS,QB,28.0,16.0,16.0,0.0,0.0,4917.0,25.0,606.0,96.0,4.0,34.0,0.0,0.0,300.2800000000001,12.0,9.0,3.0
Michael Thomas,NOR,WR,23.0,15.0,12.0,121.0,92.0,0.0,0.0,0.0,0.0,0.0,0.0,1137.0,9.0,255.7,0.0,2.0,2.0
Doug Baldwin,SEA,WR,28.0,16.0,15.0,125.0,94.0,15.0,1.0,1.0,2.0,0.0,3.0,1128.0,7.0,253.6,0.0,1.0,0.0
Jimmy Graham,SEA,TE,30.0,16.0,15.0,95.0,65.0,0.0,0.0,0.0,0.0,0.0,1.0,923.0,6.0,189.3,0.0,2.0,2.0
Delanie Walker,TEN,TE,32.0,15.0,10.0,102.0,65.0,0.0,0.0,0.0,11.0,0.0,2.0,800.0,7.0,188.1,0.0,1.0,0.0
Isaiah Crowell,CLE,RB,23.0,16.0,16.0,53.0,40.0,0.0,0.0,0.0,952.0,7.0,198.0,319.0,0.0,205.1,0.0,2.0,2.0
Carlos Hyde,SFO,RB,26.0,13.0,13.0,33.0,27.0,0.0,0.0,0.0,988.0,6.0,217.0,163.0,3.0,190.1,0.0,5.0,3.0
Spencer Ware,KAN,RB,25.0,14.0,14.0,42.0,33.0,0.0,0.0,0.0,921.0,3.0,214.0,447.0,2.0,193.8,0.0,4.0,3.0
Lamar Miller,HOU,RB,25.0,14.0,14.0,39.0,31.0,0.0,0.0,0.0,1073.0,5.0,268.0,188.0,1.0,191.1,0.0,2.0,1.0
Tevin Coleman,ATL,RB,23.0,13.0,0.0,40.0,31.0,0.0,0.0,0.0,520.0,8.0,118.0,421.0,3.0,191.1,0.0,1.0,0.0
Michael Crabtree,OAK,WR,29.0,16.0,16.0,145.0,89.0,0.0,0.0,0.0,0.0,0.0,0.0,1003.0,8.0,237.3,0.0,2.0,0.0
Amari Cooper,OAK,WR,22.0,16.0,14.0,132.0,83.0,0.0,0.0,0.0,0.0,0.0,1.0,1153.0,5.0,228.3,0.0,2.0,0.0
Dak Prescott,DAL,QB,23.0,16.0,16.0,0.0,0.0,3667.0,23.0,459.0,282.0,6.0,57.0,0.0,0.0,286.88,4.0,9.0,4.0
Cameron Brate,TAM,TE,25.0,15.0,10.0,81.0,57.0,0.0,0.0,0.0,0.0,0.0,0.0,660.0,8.0,171.0,0.0,1.0,0.0
Martellus Bennett,NWE,TE,29.0,16.0,12.0,73.0,55.0,0.0,0.0,0.0,10.0,0.0,2.0,701.0,7.0,168.1,0.0,0.0,0.0
Jeremy Hill,CIN,RB,24.0,15.0,13.0,27.0,21.0,0.0,0.0,0.0,839.0,9.0,222.0,174.0,0.0,176.3,0.0,0.0,0.0
Todd Gurley,LAR,RB,22.0,16.0,16.0,58.0,43.0,0.0,0.0,0.0,885.0,6.0,278.0,327.0,0.0,198.2,0.0,2.0,1.0
Rishard Matthews,TEN,WR,27.0,16.0,10.0,108.0,65.0,0.0,0.0,0.0,0.0,0.0,0.0,945.0,9.0,211.5,0.0,1.0,1.0
Matt Forte,NYJ,RB,31.0,14.0,13.0,43.0,30.0,0.0,0.0,0.0,813.0,7.0,218.0,263.0,1.0,183.6,0.0,1.0,1.0
Tyrell Williams,SDG,WR,24.0,16.0,12.0,119.0,69.0,0.0,0.0,0.0,0.0,0.0,0.0,1059.0,7.0,216.9,0.0,0.0,0.0
Zach Ertz,PHI,TE,26.0,14.0,12.0,106.0,78.0,0.0,0.0,0.0,0.0,0.0,0.0,816.0,4.0,183.6,0.0,0.0,0.0
Jordan Reed,WAS,TE,26.0,12.0,8.0,89.0,66.0,0.0,0.0,0.0,0.0,0.0,0.0,686.0,6.0,168.6,0.0,1.0,1.0
Matthew Stafford,DET,QB,28.0,16.0,16.0,1.0,0.0,4327.0,24.0,594.0,207.0,2.0,37.0,0.0,0.0,277.78000000000003,10.0,3.0,2.0
Bilal Powell,NYJ,WR,28.0,16.0,4.0,74.0,58.0,0.0,0.0,0.0,722.0,3.0,131.0,388.0,2.0,197.0,0.0,1.0,1.0
Terrelle Pryor,CLE,WR,27.0,16.0,15.0,140.0,77.0,41.0,0.0,9.0,21.0,1.0,8.0,1007.0,4.0,211.44,0.0,1.0,0.0
Tyreek Hill,KAN,WR,22.0,16.0,1.0,83.0,61.0,0.0,0.0,0.0,267.0,3.0,24.0,593.0,6.0,199.0,0.0,4.0,1.0
Jarvis Landry,MIA,WR,24.0,16.0,16.0,131.0,94.0,0.0,0.0,1.0,17.0,0.0,5.0,1136.0,4.0,229.3,0.0,2.0,2.0
Larry Fitzgerald,ARI,WR,33.0,16.0,16.0,150.0,107.0,0.0,0.0,1.0,5.0,0.0,2.0,1023.0,6.0,243.8,0.0,2.0,1.0
Demaryius Thomas,DEN,WR,29.0,16.0,16.0,144.0,90.0,0.0,0.0,0.0,0.0,0.0,0.0,1083.0,5.0,224.3,0.0,2.0,2.0
Kelvin Benjamin,CAR,WR,25.0,16.0,13.0,118.0,63.0,0.0,0.0,0.0,0.0,0.0,0.0,941.0,7.0,197.1,0.0,1.0,1.0
Dez Bryant,DAL,WR,28.0,13.0,13.0,96.0,50.0,10.0,1.0,1.0,0.0,0.0,0.0,796.0,8.0,180.0,0.0,1.0,1.0
Emmanuel Sanders,DEN,WR,29.0,16.0,16.0,137.0,79.0,0.0,0.0,0.0,4.0,0.0,1.0,1032.0,5.0,212.6,0.0,1.0,0.0
Jonathan Stewart,CAR,RB,29.0,13.0,13.0,21.0,8.0,0.0,0.0,0.0,824.0,9.0,218.0,60.0,0.0,146.4,0.0,3.0,2.0
Hunter Henry,SDG,TE,22.0,15.0,10.0,53.0,36.0,0.0,0.0,0.0,0.0,0.0,0.0,478.0,8.0,129.8,0.0,1.0,1.0
Julian Edelman,NWE,WR,30.0,16.0,13.0,159.0,98.0,0.0,0.0,0.0,57.0,0.0,12.0,1106.0,3.0,228.3,0.0,3.0,2.0
Golden Tate,DET,WR,28.0,16.0,16.0,135.0,91.0,0.0,0.0,0.0,4.0,0.0,10.0,1077.0,4.0,221.1,0.0,2.0,1.0
Antonio Gates,SDG,TE,36.0,14.0,9.0,93.0,53.0,0.0,0.0,0.0,0.0,0.0,0.0,548.0,7.0,147.8,0.0,1.0,1.0
Terrance West,BAL,RB,25.0,16.0,13.0,45.0,34.0,0.0,0.0,0.0,774.0,5.0,193.0,236.0,1.0,171.0,0.0,2.0,0.0
Mike Wallace,BAL,WR,30.0,16.0,16.0,116.0,72.0,0.0,0.0,0.0,31.0,0.0,5.0,1017.0,4.0,200.8,0.0,1.0,0.0
Tyrod Taylor,BUF,QB,27.0,15.0,15.0,0.0,0.0,3023.0,17.0,436.0,580.0,6.0,95.0,0.0,0.0,266.92,6.0,4.0,2.0
Derek Carr,OAK,QB,25.0,15.0,15.0,0.0,0.0,3937.0,28.0,560.0,70.0,0.0,39.0,0.0,0.0,258.48,6.0,5.0,3.0
Blake Bortles,JAX,QB,24.0,16.0,16.0,1.0,1.0,3905.0,23.0,625.0,359.0,3.0,58.0,20.0,1.0,267.1,16.0,8.0,6.0
Russell Wilson,SEA,QB,28.0,16.0,16.0,2.0,2.0,4219.0,21.0,546.0,259.0,1.0,72.0,14.0,1.0,268.06,11.0,8.0,2.0
Kenny Britt,LAR,WR,28.0,15.0,15.0,111.0,68.0,0.0,0.0,0.0,0.0,0.0,0.0,1002.0,5.0,196.2,0.0,2.0,1.0
Kenny Stills,MIA,WR,24.0,16.0,16.0,81.0,42.0,0.0,0.0,0.0,0.0,0.0,0.0,726.0,9.0,168.6,0.0,0.0,0.0
Allen Robinson,JAX,WR,23.0,16.0,16.0,151.0,73.0,0.0,0.0,0.0,0.0,0.0,0.0,883.0,6.0,197.3,0.0,1.0,0.0
Coby Fleener,NOR,TE,28.0,16.0,8.0,81.0,50.0,0.0,0.0,0.0,2.0,1.0,1.0,631.0,3.0,137.29999999999998,0.0,2.0,0.0
Adam Thielen,MIN,WR,26.0,16.0,10.0,92.0,69.0,0.0,0.0,0.0,15.0,0.0,2.0,967.0,5.0,195.2,0.0,2.0,1.0
Ryan Mathews,PHI,RB,29.0,13.0,8.0,14.0,13.0,0.0,0.0,0.0,661.0,8.0,155.0,115.0,1.0,140.6,0.0,3.0,2.0
Marcus Mariota,TEN,QB,23.0,15.0,15.0,1.0,0.0,3426.0,26.0,451.0,349.0,2.0,60.0,0.0,0.0,259.94,9.0,9.0,5.0
Ben Roethlisberger,PIT,QB,34.0,14.0,14.0,0.0,0.0,3819.0,29.0,509.0,14.0,1.0,16.0,0.0,0.0,246.16,13.0,8.0,2.0
Philip Rivers,SDG,QB,35.0,16.0,16.0,0.0,0.0,4386.0,33.0,578.0,35.0,0.0,14.0,0.0,0.0,258.94,21.0,9.0,5.0
Jameis Winston,TAM,QB,22.0,16.0,16.0,0.0,0.0,4090.0,28.0,567.0,165.0,1.0,53.0,0.0,0.0,250.1,18.0,10.0,6.0
Tom Brady,NWE,QB,39.0,12.0,12.0,0.0,0.0,3554.0,28.0,432.0,64.0,0.0,28.0,0.0,0.0,256.56,2.0,5.0,0.0
Andy Dalton,CIN,QB,29.0,16.0,16.0,0.0,0.0,4206.0,18.0,563.0,184.0,4.0,46.0,0.0,0.0,260.64,8.0,9.0,3.0
Cam Newton,CAR,QB,27.0,15.0,14.0,0.0,0.0,3509.0,19.0,510.0,359.0,5.0,90.0,0.0,0.0,250.26,14.0,3.0,2.0
Carson Palmer,ARI,QB,37.0,15.0,15.0,0.0,0.0,4233.0,26.0,597.0,38.0,0.0,14.0,0.0,0.0,241.12,14.0,14.0,4.0
Joe Flacco,BAL,QB,31.0,16.0,16.0,0.0,0.0,4317.0,20.0,672.0,58.0,2.0,21.0,0.0,0.0,234.48,15.0,5.0,3.0
Eli Manning,NYG,QB,35.0,16.0,16.0,0.0,0.0,4027.0,26.0,598.0,-9.0,0.0,21.0,0.0,0.0,224.18000000000004,16.0,7.0,4.0
Alex Smith,KAN,QB,32.0,15.0,15.0,1.0,1.0,3502.0,15.0,489.0,134.0,5.0,48.0,3.0,0.0,220.78000000000003,8.0,7.0,4.0
Sam Bradford,MIN,QB,29.0,15.0,15.0,1.0,1.0,3877.0,20.0,552.0,53.0,0.0,20.0,5.0,0.0,221.88,5.0,10.0,5.0
Carson Wentz,PHI,QB,24.0,16.0,16.0,1.0,1.0,3782.0,16.0,607.0,150.0,2.0,46.0,7.0,0.0,209.98,14.0,14.0,3.0
Colin Kaepernick,SFO,QB,29.0,12.0,11.0,0.0,0.0,2241.0,16.0,331.0,468.0,2.0,69.0,0.0,0.0,198.44,4.0,9.0,3.0
Trevor Siemian,DEN,QB,25.0,14.0,14.0,0.0,0.0,3401.0,18.0,486.0,57.0,0.0,28.0,0.0,0.0,189.74,10.0,4.0,2.0
Ryan Tannehill,MIA,QB,28.0,13.0,13.0,0.0,0.0,2995.0,19.0,389.0,164.0,1.0,39.0,0.0,0.0,188.2,12.0,9.0,3.0
Brock Osweiler,HOU,QB,26.0,15.0,14.0,1.0,1.0,2957.0,15.0,510.0,131.0,2.0,30.0,-14.0,0.0,168.98,16.0,5.0,1.0
Ryan Fitzpatrick,NYJ,QB,34.0,14.0,11.0,0.0,0.0,2710.0,12.0,403.0,130.0,0.0,33.0,0.0,0.0,133.4,17.0,9.0,1.0
Jamison Crowder,WAS,WR,23.0,16.0,9.0,99.0,67.0,0.0,0.0,0.0,-2.0,0.0,2.0,847.0,7.0,191.5,0.0,2.0,1.0
DeSean Jackson,WAS,WR,30.0,15.0,15.0,100.0,56.0,0.0,0.0,0.0,0.0,0.0,0.0,1005.0,4.0,180.5,0.0,0.0,0.0
Pierre Garcon,WAS,WR,30.0,16.0,16.0,114.0,79.0,0.0,0.0,0.0,0.0,0.0,0.0,1041.0,3.0,201.1,0.0,0.0,0.0
Brandon LaFell,CIN,WR,30.0,16.0,14.0,107.0,64.0,0.0,0.0,0.0,-2.0,0.0,1.0,862.0,6.0,186.0,0.0,0.0,0.0
Robert Kelley,WAS,RB,24.0,15.0,9.0,18.0,12.0,0.0,0.0,0.0,704.0,6.0,168.0,82.0,1.0,132.60000000000002,0.0,0.0,0.0
A.J. Green,CIN,WR,28.0,10.0,10.0,100.0,66.0,0.0,0.0,0.0,0.0,0.0,0.0,964.0,4.0,186.4,0.0,0.0,0.0
Willie Snead,NOR,WR,24.0,15.0,4.0,104.0,72.0,50.0,1.0,1.0,0.0,0.0,0.0,895.0,4.0,191.5,0.0,2.0,0.0
DeAndre Hopkins,HOU,WR,24.0,16.0,16.0,151.0,78.0,0.0,0.0,0.0,0.0,0.0,0.0,954.0,4.0,197.4,0.0,0.0,0.0
Sterling Shepard,NYG,WR,23.0,16.0,16.0,105.0,65.0,0.0,0.0,0.0,31.0,0.0,3.0,683.0,8.0,184.4,0.0,0.0,0.0
Mike Gillislee,BUF,RB,26.0,15.0,1.0,11.0,9.0,0.0,0.0,0.0,577.0,8.0,101.0,50.0,1.0,125.7,0.0,1.0,0.0
Marvin Jones,DET,WR,26.0,15.0,15.0,103.0,55.0,0.0,0.0,0.0,3.0,0.0,1.0,930.0,4.0,172.3,0.0,0.0,0.0
Christine Michael,2TM,RB,26.0,15.0,7.0,29.0,22.0,0.0,0.0,0.0,583.0,7.0,148.0,107.0,1.0,137.0,0.0,2.0,1.0
Steve Smith,BAL,WR,37.0,14.0,14.0,101.0,70.0,0.0,0.0,0.0,0.0,0.0,0.0,799.0,5.0,179.9,0.0,0.0,0.0
Cole Beasley,DAL,WR,27.0,16.0,6.0,98.0,75.0,0.0,0.0,1.0,7.0,0.0,1.0,833.0,5.0,189.0,0.0,0.0,0.0
Case Keenum,LAR,QB,28.0,10.0,9.0,0.0,0.0,2201.0,9.0,322.0,51.0,1.0,20.0,0.0,0.0,111.14,11.0,5.0,1.0
Cameron Meredith,CHI,WR,24.0,14.0,10.0,97.0,66.0,2.0,1.0,1.0,6.0,0.0,1.0,888.0,4.0,179.48,0.0,3.0,2.0
Devontae Booker,DEN,RB,24.0,16.0,6.0,45.0,31.0,0.0,0.0,0.0,612.0,4.0,174.0,265.0,1.0,142.7,0.0,4.0,3.0
Quincy Enunwa,NYJ,WR,24.0,16.0,13.0,105.0,58.0,0.0,0.0,0.0,12.0,0.0,1.0,857.0,4.0,168.89999999999995,0.0,0.0,0.0
Darren Sproles,PHI,RB,33.0,15.0,5.0,71.0,52.0,0.0,0.0,0.0,438.0,2.0,94.0,427.0,2.0,162.5,0.0,1.0,0.0
Stefon Diggs,MIN,WR,23.0,13.0,11.0,112.0,84.0,0.0,0.0,0.0,10.0,0.0,3.0,903.0,3.0,193.3,0.0,0.0,0.0
Marqise Lee,JAX,WR,25.0,16.0,6.0,105.0,63.0,20.0,1.0,1.0,35.0,0.0,6.0,851.0,3.0,172.39999999999995,0.0,1.0,1.0
Theo Riddick,DET,RB,25.0,10.0,8.0,67.0,53.0,0.0,0.0,0.0,357.0,1.0,92.0,371.0,5.0,161.8,0.0,0.0,0.0
Tim Hightower,NOR,RB,30.0,16.0,1.0,26.0,22.0,0.0,0.0,0.0,548.0,4.0,133.0,200.0,1.0,126.8,0.0,0.0,0.0
Jerick McKinnon,MIN,RB,24.0,15.0,7.0,53.0,43.0,0.0,0.0,1.0,539.0,2.0,159.0,255.0,2.0,146.4,0.0,0.0,0.0
JJ Nelson,ARI,WR,24.0,15.0,6.0,74.0,34.0,0.0,0.0,0.0,83.0,1.0,4.0,568.0,6.0,139.1,0.0,1.0,1.0
Anquan Boldin,DET,WR,36.0,16.0,16.0,95.0,67.0,0.0,0.0,0.0,0.0,0.0,0.0,584.0,8.0,173.4,0.0,0.0,0.0
Taylor Gabriel,ATL,WR,25.0,13.0,3.0,50.0,35.0,0.0,0.0,0.0,51.0,1.0,4.0,579.0,6.0,140.0,0.0,0.0,0.0
Ted Ginn,CAR,WR,31.0,16.0,8.0,95.0,54.0,0.0,0.0,0.0,98.0,0.0,14.0,752.0,4.0,159.0,0.0,3.0,2.0
Dontrelle Inman,SDG,WR,27.0,16.0,16.0,97.0,58.0,0.0,0.0,0.0,0.0,0.0,0.0,810.0,4.0,163.0,0.0,0.0,0.0
James White,NWE,RB,24.0,16.0,4.0,86.0,60.0,0.0,0.0,0.0,166.0,0.0,39.0,551.0,5.0,161.7,0.0,0.0,0.0
Rashad Jennings,NYG,RB,31.0,13.0,12.0,42.0,35.0,0.0,0.0,0.0,593.0,3.0,181.0,201.0,1.0,138.4,0.0,1.0,0.0
Jordan Matthews,PHI,WR,24.0,14.0,13.0,117.0,73.0,0.0,0.0,0.0,0.0,0.0,0.0,804.0,3.0,171.4,0.0,1.0,0.0
DeVante Parker,MIA,WR,23.0,15.0,8.0,87.0,56.0,0.0,0.0,0.0,0.0,0.0,0.0,744.0,4.0,154.4,0.0,0.0,0.0
Matt Asiata,MIN,RB,29.0,16.0,6.0,38.0,32.0,0.0,0.0,0.0,402.0,6.0,121.0,263.0,0.0,132.5,0.0,1.0,1.0
Chris Thompson,WAS,RB,26.0,16.0,0.0,62.0,49.0,0.0,0.0,0.0,356.0,3.0,68.0,349.0,2.0,147.5,0.0,2.0,1.0
Brandon Marshall,NYJ,WR,32.0,15.0,15.0,128.0,59.0,0.0,0.0,0.0,0.0,0.0,0.0,788.0,3.0,155.8,0.0,0.0,0.0
Ty Montgomery,GNB,RB,23.0,15.0,6.0,56.0,44.0,0.0,0.0,0.0,457.0,3.0,77.0,348.0,0.0,140.5,0.0,2.0,1.0
Alshon Jeffery,CHI,WR,26.0,12.0,12.0,94.0,52.0,0.0,0.0,0.0,0.0,0.0,0.0,821.0,2.0,146.1,0.0,0.0,0.0
Derrick Henry,TEN,RB,22.0,15.0,2.0,15.0,13.0,0.0,0.0,0.0,490.0,5.0,110.0,137.0,0.0,105.7,0.0,0.0,0.0
Chris Hogan,NWE,WR,29.0,15.0,14.0,58.0,38.0,0.0,0.0,0.0,9.0,0.0,3.0,680.0,4.0,128.9,0.0,1.0,1.0
Duke Johnson,CLE,RB,23.0,16.0,1.0,74.0,53.0,0.0,0.0,1.0,358.0,1.0,73.0,514.0,0.0,144.2,0.0,2.0,1.0
Mohamed Sanu,ATL,WR,27.0,15.0,15.0,81.0,59.0,0.0,0.0,0.0,5.0,0.0,1.0,653.0,4.0,146.8,0.0,1.0,1.0
Tavon Austin,LAR,WR,26.0,15.0,15.0,106.0,58.0,0.0,0.0,0.0,159.0,1.0,28.0,509.0,3.0,146.8,0.0,5.0,1.0
Randall Cobb,GNB,WR,26.0,13.0,10.0,84.0,60.0,0.0,0.0,0.0,33.0,0.0,10.0,610.0,4.0,148.3,0.0,1.0,0.0
T.J. Yeldon,JAX,RB,23.0,15.0,13.0,68.0,50.0,0.0,0.0,0.0,465.0,1.0,130.0,312.0,1.0,137.7,0.0,2.0,1.0
C.J. Anderson,DEN,RB,25.0,7.0,7.0,24.0,16.0,0.0,0.0,0.0,437.0,4.0,110.0,128.0,1.0,102.5,0.0,0.0,0.0
Jalen Richard,OAK,RB,23.0,16.0,0.0,39.0,29.0,0.0,0.0,0.0,491.0,1.0,83.0,194.0,2.0,115.5,0.0,0.0,0.0
Jack Doyle,IND,TE,26.0,16.0,14.0,75.0,59.0,0.0,0.0,0.0,0.0,0.0,0.0,584.0,5.0,145.4,0.0,1.0,1.0
Travis Benjamin,SDG,WR,27.0,14.0,8.0,75.0,47.0,0.0,0.0,1.0,-3.0,0.0,2.0,677.0,4.0,132.39999999999998,0.0,5.0,3.0
DeAngelo Williams,PIT,RB,33.0,9.0,4.0,27.0,18.0,0.0,0.0,0.0,343.0,4.0,98.0,118.0,2.0,100.1,0.0,0.0,0.0
Giovani Bernard,CIN,RB,25.0,10.0,2.0,51.0,39.0,0.0,0.0,0.0,337.0,2.0,91.0,336.0,1.0,122.3,0.0,1.0,1.0
Eric Ebron,DET,TE,23.0,13.0,13.0,85.0,61.0,0.0,0.0,0.0,1.0,1.0,1.0,711.0,1.0,144.2,0.0,0.0,0.0
Jeremy Kerley,SFO,WR,28.0,16.0,13.0,115.0,64.0,0.0,0.0,0.0,0.0,0.0,0.0,667.0,3.0,146.7,0.0,4.0,1.0
Tyler Lockett,SEA,WR,24.0,15.0,9.0,66.0,41.0,0.0,0.0,0.0,114.0,1.0,6.0,597.0,1.0,124.1,0.0,0.0,0.0
Dennis Pitta,BAL,TE,31.0,16.0,12.0,121.0,86.0,0.0,0.0,0.0,0.0,0.0,0.0,729.0,2.0,168.9,0.0,1.0,1.0
Jason Witten,DAL,TE,34.0,16.0,16.0,95.0,69.0,0.0,0.0,0.0,0.0,0.0,0.0,673.0,3.0,152.3,0.0,1.0,1.0
Robert Turbin,IND,RB,27.0,15.0,0.0,35.0,26.0,0.0,0.0,0.0,164.0,7.0,47.0,179.0,1.0,108.3,0.0,0.0,0.0
Michael Floyd,2TM,WR,27.0,15.0,8.0,76.0,37.0,0.0,0.0,0.0,0.0,0.0,0.0,488.0,5.0,115.8,0.0,0.0,0.0
Terrance Williams,DAL,WR,27.0,16.0,15.0,61.0,44.0,0.0,0.0,0.0,0.0,0.0,0.0,594.0,4.0,125.4,0.0,1.0,1.0
Shaun Draughn,SFO,RB,29.0,16.0,1.0,39.0,29.0,0.0,0.0,0.0,196.0,4.0,74.0,263.0,2.0,108.9,0.0,1.0,1.0
C.J. Fiedorowicz,HOU,TE,25.0,15.0,15.0,89.0,54.0,0.0,0.0,0.0,0.0,0.0,0.0,559.0,4.0,133.9,0.0,1.0,0.0
Brian Hoyer,CHI,QB,31.0,6.0,5.0,0.0,0.0,1445.0,6.0,200.0,-2.0,0.0,7.0,0.0,0.0,79.6,0.0,3.0,1.0
Dwayne Allen,IND,TE,26.0,14.0,14.0,52.0,35.0,0.0,0.0,0.0,0.0,0.0,0.0,406.0,6.0,111.6,0.0,1.0,0.0
Charles Clay,BUF,TE,27.0,15.0,15.0,87.0,57.0,0.0,0.0,0.0,0.0,0.0,0.0,552.0,4.0,136.2,0.0,0.0,0.0
Cody Kessler,CLE,QB,23.0,9.0,8.0,0.0,0.0,1380.0,6.0,195.0,18.0,0.0,11.0,0.0,0.0,75.0,2.0,4.0,1.0
Adam Humphries,TAM,WR,23.0,15.0,4.0,83.0,55.0,0.0,0.0,0.0,18.0,0.0,5.0,622.0,2.0,131.0,0.0,3.0,0.0
Jacquizz Rodgers,TAM,RB,26.0,10.0,5.0,16.0,13.0,0.0,0.0,0.0,560.0,2.0,129.0,98.0,0.0,90.8,0.0,0.0,0.0
Eli Rogers,PIT,WR,24.0,13.0,8.0,66.0,48.0,0.0,0.0,0.0,6.0,0.0,1.0,594.0,3.0,126.0,0.0,2.0,0.0
Gary Barnidge,CLE,TE,31.0,16.0,16.0,82.0,55.0,0.0,0.0,0.0,0.0,0.0,0.0,612.0,2.0,128.2,0.0,0.0,0.0
Will Fuller,HOU,WR,22.0,14.0,13.0,92.0,47.0,0.0,0.0,0.0,-3.0,0.0,1.0,635.0,2.0,122.2,0.0,2.0,0.0
Chris Ivory,JAX,RB,28.0,11.0,1.0,28.0,20.0,0.0,0.0,0.0,439.0,3.0,117.0,186.0,0.0,94.5,0.0,5.0,3.0
Zach Zenner,DET,RB,25.0,14.0,4.0,23.0,18.0,0.0,0.0,0.0,334.0,4.0,88.0,196.0,0.0,93.0,0.0,1.0,1.0
Brian Quick,LAR,WR,27.0,16.0,8.0,77.0,41.0,0.0,0.0,0.0,0.0,0.0,0.0,564.0,3.0,115.4,0.0,0.0,0.0
Seth Roberts,OAK,WR,25.0,16.0,6.0,77.0,38.0,0.0,0.0,0.0,0.0,0.0,0.0,397.0,5.0,107.7,0.0,0.0,0.0
Robby Anderson,NYJ,WR,23.0,16.0,8.0,78.0,42.0,0.0,0.0,0.0,42.0,0.0,3.0,587.0,2.0,114.9,0.0,1.0,1.0
Blaine Gabbert,SFO,QB,27.0,6.0,5.0,1.0,1.0,925.0,5.0,160.0,173.0,2.0,40.0,-16.0,0.0,73.7,6.0,0.0,0.0
Zach Miller,CHI,TE,32.0,10.0,8.0,64.0,47.0,0.0,0.0,0.0,0.0,0.0,0.0,486.0,4.0,119.6,0.0,0.0,0.0
Donte Moncrief,IND,WR,23.0,9.0,7.0,56.0,30.0,0.0,0.0,0.0,-1.0,0.0,1.0,307.0,7.0,102.6,0.0,0.0,0.0
Kenneth Dixon,BAL,RB,22.0,12.0,0.0,41.0,30.0,0.0,0.0,0.0,382.0,2.0,88.0,162.0,1.0,102.4,0.0,1.0,0.0
Rob Gronkowski,NWE,TE,27.0,8.0,6.0,38.0,25.0,0.0,0.0,0.0,0.0,0.0,0.0,540.0,3.0,97.0,0.0,0.0,0.0
Doug Martin,TAM,RB,27.0,8.0,8.0,16.0,14.0,0.0,0.0,0.0,421.0,3.0,144.0,134.0,0.0,85.5,0.0,1.0,1.0
Matt Barkley,CHI,QB,26.0,7.0,6.0,1.0,1.0,1611.0,8.0,216.0,2.0,0.0,7.0,2.0,1.0,71.84,14.0,4.0,2.0
Tyler Boyd,CIN,WR,22.0,16.0,2.0,81.0,54.0,0.0,0.0,0.0,58.0,0.0,4.0,603.0,1.0,124.1,0.0,1.0,1.0
Vernon Davis,WAS,WR,32.0,16.0,14.0,59.0,44.0,0.0,0.0,0.0,0.0,0.0,0.0,583.0,2.0,114.3,0.0,0.0,0.0
Damien Williams,MIA,RB,24.0,15.0,0.0,32.0,23.0,0.0,0.0,0.0,115.0,3.0,35.0,249.0,3.0,93.4,0.0,1.0,1.0
Tyler Eifert,CIN,TE,26.0,8.0,2.0,47.0,29.0,0.0,0.0,0.0,0.0,0.0,0.0,394.0,5.0,98.4,0.0,0.0,0.0
Jeremy Maclin,KAN,WR,28.0,12.0,12.0,76.0,44.0,0.0,0.0,1.0,-1.0,0.0,1.0,536.0,2.0,109.5,0.0,0.0,0.0
Breshad Perriman,BAL,WR,23.0,16.0,1.0,66.0,33.0,0.0,0.0,0.0,2.0,0.0,1.0,499.0,3.0,101.1,0.0,0.0,0.0
DeAndre Washington,OAK,RB,23.0,14.0,2.0,23.0,17.0,0.0,0.0,0.0,467.0,2.0,87.0,115.0,0.0,85.2,0.0,1.0,1.0
Robert Woods,BUF,WR,24.0,13.0,10.0,76.0,51.0,0.0,0.0,0.0,6.0,0.0,1.0,613.0,1.0,118.9,0.0,0.0,0.0
Matt Jones,WAS,RB,23.0,7.0,7.0,8.0,8.0,0.0,0.0,0.0,460.0,3.0,99.0,73.0,0.0,75.3,0.0,3.0,2.0
Phillip Dorsett,IND,WR,23.0,15.0,7.0,59.0,33.0,0.0,0.0,0.0,10.0,0.0,2.0,528.0,2.0,98.8,0.0,1.0,0.0
Robert Griffin,CLE,QB,26.0,5.0,5.0,0.0,0.0,886.0,2.0,147.0,190.0,2.0,31.0,0.0,0.0,66.44,3.0,4.0,1.0
Allen Hurns,JAX,WR,25.0,11.0,11.0,76.0,35.0,0.0,0.0,0.0,0.0,0.0,0.0,477.0,3.0,100.7,0.0,1.0,0.0
Charcandrick West,KAN,RB,25.0,15.0,2.0,34.0,28.0,0.0,0.0,0.0,293.0,1.0,88.0,188.0,2.0,94.1,0.0,0.0,0.0
John Brown,ARI,WR,26.0,15.0,6.0,73.0,39.0,0.0,0.0,0.0,10.0,0.0,1.0,517.0,2.0,103.7,0.0,1.0,0.0
Malcolm Mitchell,NWE,RB,24.0,14.0,6.0,48.0,32.0,0.0,0.0,0.0,0.0,0.0,0.0,401.0,4.0,96.1,0.0,0.0,0.0
Tajae Sharpe,TEN,WR,22.0,16.0,10.0,83.0,41.0,0.0,0.0,0.0,1.0,0.0,1.0,522.0,2.0,105.3,0.0,0.0,0.0
Victor Cruz,NYG,WR,30.0,15.0,12.0,72.0,39.0,0.0,0.0,0.0,0.0,0.0,0.0,586.0,1.0,101.6,0.0,1.0,1.0
Devin Funchess,CAR,WR,22.0,15.0,7.0,58.0,23.0,0.0,0.0,0.0,0.0,0.0,0.0,371.0,4.0,84.1,0.0,0.0,0.0
Vance McDonald,SFO,TE,26.0,11.0,11.0,45.0,24.0,0.0,0.0,0.0,0.0,0.0,0.0,391.0,4.0,87.1,0.0,0.0,0.0
Thomas Rawls,SEA,RB,23.0,9.0,7.0,17.0,13.0,0.0,0.0,0.0,349.0,3.0,109.0,96.0,0.0,75.5,0.0,0.0,0.0
Cordarrelle Patterson,MIN,WR,25.0,16.0,8.0,70.0,52.0,0.0,0.0,0.0,43.0,0.0,7.0,453.0,2.0,113.6,0.0,2.0,0.0
Paul Perkins,NYG,RB,22.0,14.0,1.0,24.0,15.0,0.0,0.0,0.0,456.0,0.0,112.0,162.0,0.0,76.8,0.0,1.0,0.0
Marquise Goodwin,BUF,WR,26.0,15.0,9.0,68.0,29.0,0.0,0.0,0.0,0.0,0.0,0.0,431.0,3.0,90.1,0.0,0.0,0.0
Kendall Wright,TEN,WR,27.0,11.0,4.0,42.0,29.0,0.0,0.0,0.0,15.0,0.0,1.0,416.0,3.0,90.1,0.0,0.0,0.0
Corey Coleman,CLE,WR,22.0,10.0,10.0,73.0,33.0,0.0,0.0,0.0,10.0,0.0,2.0,413.0,3.0,93.3,0.0,0.0,0.0
Lance Kendricks,LAR,TE,28.0,16.0,16.0,87.0,50.0,0.0,0.0,0.0,0.0,0.0,0.0,499.0,2.0,109.9,0.0,1.0,1.0
Rex Burkhead,CIN,RB,26.0,16.0,1.0,20.0,17.0,0.0,0.0,0.0,344.0,2.0,74.0,145.0,0.0,75.9,0.0,1.0,1.0
Sammie Coates,PIT,WR,23.0,14.0,5.0,49.0,21.0,0.0,0.0,0.0,14.0,0.0,4.0,435.0,2.0,77.9,0.0,0.0,0.0
Jermaine Kearse,SEA,WR,26.0,16.0,15.0,89.0,41.0,0.0,0.0,0.0,0.0,0.0,0.0,510.0,1.0,98.0,0.0,0.0,0.0
Matt Moore,MIA,QB,32.0,4.0,3.0,0.0,0.0,721.0,8.0,87.0,-1.0,0.0,1.0,0.0,0.0,54.74,3.0,1.0,0.0
Jesse James,PIT,TE,22.0,16.0,13.0,60.0,39.0,0.0,0.0,0.0,0.0,0.0,0.0,338.0,3.0,90.8,0.0,0.0,0.0
Sammy Watkins,BUF,WR,23.0,8.0,8.0,52.0,28.0,0.0,0.0,0.0,0.0,0.0,0.0,430.0,2.0,83.0,0.0,0.0,0.0
Travaris Cadet,NOR,RB,27.0,15.0,1.0,54.0,40.0,0.0,0.0,0.0,19.0,0.0,4.0,281.0,4.0,94.0,0.0,0.0,0.0
Ryan Griffin,HOU,TE,26.0,16.0,5.0,74.0,50.0,0.0,0.0,0.0,0.0,0.0,0.0,442.0,2.0,104.2,0.0,1.0,1.0
Jeremy Langford,CHI,RB,25.0,12.0,3.0,27.0,19.0,0.0,0.0,0.0,200.0,4.0,62.0,142.0,0.0,73.2,0.0,2.0,2.0
Clive Walford,OAK,TE,25.0,15.0,8.0,52.0,33.0,0.0,0.0,0.0,0.0,0.0,0.0,359.0,3.0,86.9,0.0,0.0,0.0
Chris Conley,KAN,WR,24.0,16.0,11.0,69.0,44.0,0.0,0.0,0.0,0.0,0.0,0.0,530.0,0.0,97.0,0.0,1.0,0.0
Jared Goff,LAR,QB,22.0,7.0,7.0,0.0,0.0,1089.0,5.0,205.0,16.0,1.0,8.0,0.0,0.0,53.16,7.0,5.0,2.0
Nelson Agholor,PHI,WR,23.0,15.0,14.0,69.0,36.0,0.0,0.0,0.0,14.0,0.0,5.0,365.0,2.0,85.9,0.0,1.0,0.0
Josh McCown,CLE,QB,37.0,5.0,3.0,0.0,0.0,1100.0,6.0,165.0,21.0,0.0,7.0,0.0,0.0,50.1,6.0,7.0,4.0
Julius Thomas,JAX,TE,28.0,9.0,6.0,51.0,30.0,0.0,0.0,0.0,0.0,0.0,0.0,281.0,4.0,82.1,0.0,0.0,0.0
Garrett Celek,SFO,TE,28.0,16.0,6.0,50.0,29.0,0.0,0.0,0.0,0.0,0.0,0.0,350.0,3.0,80.0,0.0,2.0,1.0
Dorial Green-Beckham,PHI,WR,23.0,15.0,7.0,74.0,36.0,0.0,0.0,0.0,0.0,0.0,0.0,392.0,2.0,87.2,0.0,0.0,0.0
Jermaine Gresham,ARI,TE,28.0,16.0,14.0,61.0,37.0,0.0,0.0,0.0,0.0,0.0,0.0,391.0,2.0,88.1,0.0,1.0,0.0
Albert Wilson,KAN,WR,24.0,16.0,5.0,51.0,31.0,0.0,0.0,0.0,50.0,1.0,2.0,279.0,2.0,81.9,0.0,0.0,0.0
Alfred Blue,HOU,RB,25.0,14.0,2.0,16.0,12.0,0.0,0.0,0.0,420.0,1.0,100.0,40.0,0.0,62.0,0.0,2.0,1.0
Andrew Hawkins,CLE,WR,30.0,16.0,5.0,54.0,33.0,0.0,0.0,0.0,0.0,0.0,2.0,324.0,3.0,83.4,0.0,0.0,0.0
Dion Sims,MIA,TE,25.0,14.0,11.0,35.0,26.0,0.0,0.0,0.0,0.0,0.0,0.0,256.0,4.0,75.6,0.0,0.0,0.0
Eddie Royal,CHI,WR,30.0,9.0,1.0,43.0,33.0,0.0,0.0,0.0,0.0,0.0,0.0,369.0,2.0,81.9,0.0,2.0,0.0
Danny Amendola,NWE,WR,31.0,12.0,4.0,29.0,23.0,0.0,0.0,0.0,0.0,0.0,0.0,243.0,4.0,69.3,0.0,3.0,1.0
Jay Cutler,CHI,QB,33.0,5.0,5.0,0.0,0.0,1059.0,4.0,137.0,24.0,0.0,5.0,0.0,0.0,46.76,5.0,6.0,2.0
Austin Hooper,ATL,TE,22.0,14.0,3.0,27.0,19.0,0.0,0.0,0.0,0.0,0.0,0.0,271.0,3.0,64.1,0.0,0.0,0.0
Russell Shepard,TAM,WR,26.0,14.0,4.0,40.0,23.0,0.0,0.0,0.0,9.0,0.0,1.0,341.0,2.0,70.0,0.0,0.0,0.0
Fozzy Whittaker,CAR,RB,27.0,16.0,0.0,33.0,25.0,0.0,0.0,0.0,265.0,0.0,57.0,226.0,0.0,72.1,0.0,1.0,1.0
Brandon Coleman,NOR,WR,24.0,16.0,4.0,38.0,26.0,0.0,0.0,0.0,0.0,0.0,0.0,281.0,3.0,72.1,0.0,0.0,0.0
Will Tye,NYG,TE,25.0,16.0,10.0,70.0,48.0,0.0,0.0,0.0,0.0,0.0,0.0,395.0,1.0,93.5,0.0,0.0,0.0
Jamize Olawale,OAK,RB,27.0,16.0,7.0,14.0,12.0,0.0,0.0,0.0,47.0,2.0,17.0,227.0,1.0,57.40000000000001,0.0,0.0,0.0
Torrey Smith,SFO,WR,27.0,12.0,12.0,49.0,20.0,0.0,0.0,0.0,0.0,0.0,0.0,267.0,3.0,64.7,0.0,0.0,0.0
Justin Hardy,ATL,WR,25.0,16.0,3.0,31.0,21.0,0.0,0.0,0.0,0.0,0.0,0.0,203.0,4.0,65.3,0.0,0.0,0.0
C.J. Prosise,SEA,RB,22.0,6.0,2.0,19.0,17.0,0.0,0.0,0.0,172.0,1.0,30.0,208.0,0.0,61.0,0.0,0.0,0.0
Aldrick Robinson,ATL,WR,28.0,16.0,1.0,32.0,20.0,0.0,0.0,0.0,0.0,0.0,0.0,323.0,2.0,64.3,0.0,0.0,0.0
Charles Sims,TAM,RB,26.0,7.0,2.0,32.0,24.0,0.0,0.0,0.0,149.0,1.0,51.0,190.0,1.0,67.9,0.0,1.0,1.0
Justin Hunter,2TM,WR,25.0,13.0,5.0,23.0,10.0,0.0,0.0,0.0,0.0,0.0,0.0,189.0,4.0,52.9,0.0,0.0,0.0
Jared Cook,GNB,TE,29.0,10.0,5.0,51.0,30.0,0.0,0.0,0.0,0.0,0.0,0.0,377.0,1.0,71.7,0.0,1.0,1.0
Justin Forsett,3TM,RB,31.0,9.0,6.0,27.0,20.0,0.0,0.0,0.0,291.0,1.0,87.0,85.0,0.0,61.6,0.0,2.0,1.0
James Starks,GNB,RB,30.0,9.0,4.0,25.0,19.0,0.0,0.0,0.0,145.0,0.0,63.0,134.0,2.0,58.9,0.0,1.0,0.0
John Kuhn,NOR,RB,34.0,16.0,3.0,20.0,16.0,0.0,0.0,0.0,37.0,4.0,18.0,70.0,1.0,56.7,0.0,0.0,0.0
Quinton Patton,SFO,WR,26.0,14.0,14.0,63.0,37.0,0.0,0.0,0.0,0.0,0.0,0.0,408.0,0.0,77.8,0.0,1.0,0.0
Wendell Smallwood,PHI,RB,22.0,13.0,3.0,13.0,6.0,0.0,0.0,0.0,312.0,1.0,77.0,55.0,0.0,46.7,0.0,1.0,1.0
Brice Butler,DAL,WR,26.0,16.0,3.0,32.0,16.0,0.0,0.0,0.0,0.0,0.0,0.0,219.0,3.0,55.9,0.0,0.0,0.0
Aaron Ripkowski,GNB,RB,24.0,16.0,8.0,10.0,9.0,0.0,0.0,0.0,150.0,2.0,34.0,46.0,1.0,46.6,0.0,0.0,0.0
Kamar Aiken,BAL,WR,27.0,16.0,6.0,50.0,29.0,0.0,0.0,0.0,0.0,0.0,0.0,328.0,1.0,67.8,0.0,0.0,0.0
Trey Burton,PHI,TE,25.0,15.0,4.0,60.0,37.0,0.0,0.0,0.0,0.0,0.0,0.0,327.0,1.0,75.7,0.0,0.0,0.0
Eddie Lacy,GNB,RB,26.0,5.0,5.0,7.0,4.0,0.0,0.0,0.0,360.0,0.0,71.0,28.0,0.0,42.8,0.0,0.0,0.0
Richard Rodgers,GNB,TE,24.0,16.0,6.0,47.0,30.0,0.0,0.0,0.0,0.0,0.0,0.0,271.0,2.0,69.1,0.0,0.0,0.0
Jacob Tamme,ATL,TE,31.0,8.0,5.0,31.0,22.0,0.0,0.0,0.0,0.0,0.0,0.0,210.0,3.0,61.0,0.0,0.0,0.0
Dwayne Washington,DET,RB,22.0,12.0,2.0,15.0,10.0,0.0,0.0,0.0,265.0,1.0,90.0,62.0,0.0,48.7,0.0,0.0,0.0
Josh Bellamy,CHI,WR,27.0,16.0,2.0,38.0,19.0,0.0,0.0,0.0,37.0,0.0,4.0,282.0,1.0,56.90000000000001,0.0,0.0,0.0
Ladarius Green,PIT,TE,26.0,6.0,2.0,34.0,18.0,0.0,0.0,0.0,0.0,0.0,0.0,304.0,1.0,54.4,0.0,0.0,0.0
Dion Lewis,NWE,RB,26.0,7.0,5.0,24.0,17.0,0.0,0.0,0.0,283.0,0.0,64.0,94.0,0.0,54.7,0.0,1.0,0.0
Levine Toilolo,ATL,TE,25.0,16.0,11.0,19.0,13.0,0.0,0.0,0.0,0.0,0.0,0.0,264.0,2.0,51.4,0.0,0.0,0.0
Kyle Juszczyk,BAL,RB,25.0,16.0,7.0,49.0,37.0,0.0,0.0,0.0,22.0,1.0,5.0,266.0,0.0,71.8,0.0,0.0,0.0
Alfred Morris,DAL,RB,28.0,14.0,0.0,6.0,3.0,0.0,0.0,0.0,243.0,2.0,69.0,11.0,0.0,40.4,0.0,0.0,0.0
Erik Swoope,IND,TE,24.0,16.0,4.0,22.0,15.0,0.0,0.0,0.0,0.0,0.0,0.0,297.0,1.0,50.7,0.0,0.0,0.0
Kenyan Drake,MIA,RB,22.0,16.0,1.0,10.0,9.0,0.0,0.0,0.0,179.0,2.0,33.0,46.0,0.0,43.5,0.0,1.0,0.0
Jimmy Garoppolo,NWE,QB,25.0,6.0,2.0,1.0,1.0,502.0,4.0,63.0,6.0,0.0,10.0,3.0,0.0,35.98,0.0,2.0,1.0
Cobi Hamilton,PIT,WR,26.0,11.0,8.0,28.0,17.0,0.0,0.0,0.0,0.0,0.0,0.0,234.0,2.0,52.4,0.0,0.0,0.0
Darrius Heyward-Bey,PIT,WR,29.0,10.0,0.0,19.0,6.0,0.0,0.0,0.0,60.0,1.0,1.0,114.0,2.0,41.4,0.0,0.0,0.0
Paul Richardson,SEA,WR,24.0,15.0,0.0,36.0,21.0,0.0,0.0,0.0,5.0,0.0,1.0,288.0,1.0,56.3,0.0,0.0,0.0
Deonte Thompson,CHI,WR,27.0,16.0,6.0,36.0,22.0,0.0,0.0,0.0,0.0,0.0,0.0,249.0,2.0,56.9,0.0,1.0,1.0
Landry Jones,PIT,QB,27.0,8.0,2.0,0.0,0.0,558.0,4.0,86.0,-4.0,0.0,6.0,0.0,0.0,33.92,2.0,0.0,0.0
Bryan Walters,JAX,WR,29.0,10.0,3.0,34.0,24.0,0.0,0.0,0.0,4.0,0.0,1.0,231.0,2.0,57.5,0.0,1.0,1.0
Geronimo Allison,GNB,WR,22.0,10.0,2.0,22.0,12.0,0.0,0.0,0.0,0.0,0.0,0.0,202.0,2.0,44.2,0.0,0.0,0.0
Corey Brown,CAR,WR,25.0,16.0,8.0,53.0,27.0,0.0,0.0,0.0,6.0,0.0,2.0,276.0,1.0,59.2,0.0,1.0,1.0
Corey Grant,JAX,RB,25.0,11.0,1.0,7.0,4.0,0.0,0.0,0.0,164.0,1.0,32.0,35.0,1.0,35.9,0.0,0.0,0.0
Bryce Petty,NYJ,QB,25.0,6.0,4.0,0.0,0.0,809.0,3.0,133.0,19.0,0.0,5.0,0.0,0.0,30.26,7.0,1.0,1.0
Peyton Barber,TAM,RB,22.0,15.0,1.0,6.0,5.0,0.0,0.0,0.0,223.0,1.0,55.0,28.0,0.0,36.1,0.0,0.0,0.0
Eric Decker,NYJ,WR,29.0,3.0,3.0,21.0,9.0,0.0,0.0,0.0,0.0,0.0,0.0,194.0,2.0,40.4,0.0,0.0,0.0
Andre Holmes,OAK,WR,28.0,16.0,2.0,25.0,14.0,0.0,0.0,0.0,0.0,0.0,0.0,126.0,3.0,44.6,0.0,0.0,0.0
Rod Streater,SFO,WR,28.0,16.0,2.0,27.0,18.0,0.0,0.0,0.0,0.0,0.0,0.0,191.0,2.0,49.1,0.0,0.0,0.0
Jordan Taylor,DEN,WR,24.0,16.0,0.0,25.0,16.0,0.0,0.0,0.0,0.0,0.0,0.0,209.0,2.0,46.9,0.0,1.0,1.0
Virgil Green,DEN,TE,28.0,12.0,11.0,37.0,22.0,0.0,0.0,0.0,0.0,0.0,0.0,237.0,1.0,51.7,0.0,0.0,0.0
Kenjon Barner,PHI,RB,26.0,13.0,0.0,11.0,5.0,0.0,0.0,0.0,129.0,2.0,27.0,42.0,0.0,34.1,0.0,0.0,0.0
C.J. Uzomah,CIN,TE,23.0,10.0,8.0,38.0,25.0,0.0,0.0,0.0,0.0,0.0,0.0,234.0,1.0,54.4,0.0,0.0,0.0
Cameron Artis-Payne,CAR,RB,26.0,3.0,3.0,1.0,1.0,0.0,0.0,0.0,144.0,2.0,36.0,11.0,0.0,28.5,0.0,0.0,0.0
Jacoby Brissett,NWE,QB,24.0,3.0,2.0,0.0,0.0,400.0,0.0,55.0,83.0,1.0,16.0,0.0,0.0,28.3,0.0,3.0,1.0
Nick Foles,KAN,QB,27.0,3.0,1.0,0.0,0.0,410.0,3.0,55.0,-4.0,0.0,4.0,0.0,0.0,28.0,0.0,0.0,0.0
Paxton Lynch,DEN,QB,22.0,3.0,2.0,0.0,0.0,497.0,2.0,83.0,25.0,0.0,11.0,0.0,0.0,28.38,1.0,2.0,0.0
Tanner McEvoy,SEA,WR,23.0,14.0,0.0,11.0,9.0,43.0,0.0,1.0,0.0,0.0,0.0,140.0,2.0,36.72,0.0,0.0,0.0
Kerwynn Williams,ARI,RB,25.0,10.0,0.0,2.0,1.0,0.0,0.0,0.0,157.0,2.0,18.0,6.0,0.0,29.3,0.0,0.0,0.0
Jaron Brown,ARI,WR,26.0,7.0,2.0,22.0,11.0,0.0,0.0,0.0,0.0,0.0,0.0,187.0,1.0,35.7,0.0,0.0,0.0
Bennie Fowler,DEN,WR,25.0,13.0,0.0,24.0,11.0,0.0,0.0,0.0,0.0,0.0,0.0,145.0,2.0,37.5,0.0,0.0,0.0
DuJuan Harris,SFO,RB,28.0,10.0,1.0,9.0,8.0,0.0,0.0,0.0,138.0,0.0,38.0,115.0,1.0,35.3,0.0,2.0,2.0
Chester Rogers,IND,WR,22.0,14.0,2.0,34.0,19.0,0.0,0.0,0.0,0.0,0.0,0.0,273.0,0.0,46.3,0.0,2.0,0.0
Shane Vereen,NYG,RB,27.0,5.0,1.0,19.0,11.0,0.0,0.0,0.0,158.0,1.0,33.0,94.0,0.0,38.2,0.0,2.0,2.0
Kapri Bibbs,DEN,RB,23.0,12.0,0.0,4.0,2.0,0.0,0.0,0.0,129.0,0.0,29.0,75.0,1.0,28.4,0.0,0.0,0.0
Alex Collins,SEA,RB,22.0,11.0,0.0,11.0,11.0,0.0,0.0,0.0,125.0,1.0,31.0,84.0,0.0,35.9,0.0,2.0,1.0
Seth Devalve,CLE,TE,23.0,12.0,2.0,12.0,10.0,0.0,0.0,0.0,0.0,0.0,0.0,127.0,2.0,34.7,0.0,0.0,0.0
Jeff Janis,GNB,WR,25.0,16.0,1.0,19.0,11.0,0.0,0.0,0.0,38.0,1.0,2.0,93.0,1.0,36.1,0.0,0.0,0.0
Mychal Rivera,OAK,TE,26.0,13.0,2.0,25.0,18.0,0.0,0.0,0.0,0.0,0.0,0.0,192.0,1.0,43.2,0.0,0.0,0.0
Mike Tolbert,CAR,RB,31.0,16.0,2.0,15.0,10.0,0.0,0.0,0.0,114.0,0.0,35.0,72.0,1.0,34.6,0.0,0.0,0.0
Luke Willson,SEA,TE,26.0,11.0,6.0,21.0,15.0,0.0,0.0,0.0,0.0,0.0,0.0,129.0,2.0,39.9,0.0,0.0,0.0
Orleans Darkwa,NYG,RB,24.0,10.0,2.0,4.0,2.0,0.0,0.0,0.0,111.0,2.0,30.0,12.0,0.0,26.3,0.0,0.0,0.0
Kenneth Farrow,SDG,RB,23.0,13.0,2.0,16.0,13.0,0.0,0.0,0.0,192.0,0.0,60.0,70.0,0.0,37.2,0.0,2.0,1.0
Xavier Grimble,PIT,TE,24.0,13.0,2.0,21.0,11.0,0.0,0.0,0.0,0.0,0.0,0.0,118.0,2.0,34.8,0.0,0.0,0.0
Jalin Marshall,NYJ,WR,21.0,10.0,1.0,23.0,14.0,0.0,0.0,0.0,0.0,0.0,0.0,162.0,2.0,38.2,0.0,4.0,2.0
Charles Johnson,MIN,WR,27.0,16.0,7.0,37.0,20.0,0.0,0.0,0.0,0.0,0.0,0.0,232.0,0.0,43.2,0.0,0.0,0.0
Marcedes Lewis,JAX,TE,32.0,10.0,10.0,30.0,20.0,0.0,0.0,0.0,0.0,0.0,0.0,169.0,1.0,42.9,0.0,0.0,0.0
Ricardo Louis,CLE,WR,22.0,16.0,3.0,35.0,18.0,0.0,0.0,0.0,0.0,0.0,0.0,205.0,0.0,38.5,0.0,1.0,0.0
Jordan Norwood,DEN,WR,30.0,14.0,6.0,35.0,21.0,0.0,0.0,0.0,0.0,0.0,1.0,232.0,1.0,44.2,0.0,5.0,3.0
Andre Roberts,DET,WR,28.0,16.0,1.0,25.0,14.0,0.0,0.0,0.0,0.0,0.0,0.0,188.0,1.0,36.8,0.0,2.0,1.0
Ameer Abdullah,DET,RB,23.0,2.0,2.0,5.0,5.0,0.0,0.0,0.0,101.0,0.0,18.0,57.0,1.0,26.8,0.0,0.0,0.0
Ronnie Hillman,2TM,RB,25.0,8.0,1.0,15.0,7.0,0.0,0.0,0.0,131.0,0.0,41.0,93.0,0.0,29.4,0.0,0.0,0.0
Ben Koyack,JAX,TE,23.0,14.0,7.0,24.0,19.0,0.0,0.0,0.0,0.0,0.0,0.0,161.0,1.0,41.1,0.0,0.0,0.0
Roger Lewis,NYG,WR,23.0,13.0,1.0,19.0,7.0,0.0,0.0,0.0,0.0,0.0,0.0,97.0,2.0,28.7,0.0,0.0,0.0
Marquess Wilson,CHI,WR,24.0,3.0,1.0,16.0,9.0,0.0,0.0,0.0,0.0,0.0,0.0,160.0,1.0,31.0,0.0,0.0,0.0
Harry Douglas,TEN,WR,32.0,11.0,2.0,22.0,15.0,0.0,0.0,0.0,0.0,0.0,0.0,210.0,0.0,36.0,0.0,0.0,0.0
Lance Dunbar,DAL,RB,26.0,13.0,0.0,24.0,16.0,0.0,0.0,0.0,31.0,1.0,9.0,122.0,0.0,37.3,0.0,1.0,0.0
Darren Fells,ARI,TE,30.0,14.0,7.0,18.0,14.0,0.0,0.0,0.0,0.0,0.0,0.0,154.0,1.0,35.4,0.0,0.0,0.0
Josh Hill,NOR,TE,26.0,9.0,8.0,22.0,15.0,0.0,0.0,0.0,0.0,0.0,0.0,149.0,1.0,35.9,0.0,0.0,0.0
Vincent Jackson,TAM,WR,33.0,5.0,5.0,32.0,15.0,0.0,0.0,0.0,0.0,0.0,0.0,173.0,0.0,32.3,0.0,0.0,0.0
Andre Johnson,TEN,WR,35.0,8.0,4.0,22.0,9.0,0.0,0.0,0.0,0.0,0.0,0.0,85.0,2.0,29.5,0.0,0.0,0.0
Austin Seferian-Jenkins,2TM,TE,24.0,9.0,2.0,20.0,13.0,0.0,0.0,0.0,0.0,0.0,0.0,154.0,1.0,34.4,0.0,0.0,0.0
Darren Waller,BAL,TE,24.0,12.0,3.0,17.0,10.0,0.0,0.0,0.0,0.0,0.0,0.0,85.0,2.0,30.5,0.0,0.0,0.0
Danny Woodhead,SDG,RB,31.0,2.0,1.0,8.0,6.0,0.0,0.0,0.0,116.0,0.0,19.0,35.0,1.0,27.1,0.0,0.0,0.0
Cody Core,CIN,WR,22.0,8.0,4.0,27.0,17.0,0.0,0.0,0.0,0.0,0.0,0.0,200.0,0.0,37.0,0.0,0.0,0.0
Anthony Fasano,TEN,TE,32.0,16.0,10.0,13.0,8.0,0.0,0.0,0.0,0.0,0.0,0.0,83.0,2.0,28.3,0.0,0.0,0.0
Jonathan Grimes,HOU,RB,27.0,10.0,0.0,18.0,13.0,0.0,0.0,0.0,105.0,0.0,23.0,94.0,0.0,32.9,0.0,0.0,0.0
Demetrius Harris,KAN,TE,25.0,16.0,11.0,31.0,17.0,0.0,0.0,0.0,0.0,0.0,0.0,123.0,1.0,35.3,0.0,1.0,0.0
Freddie Martino,TAM,WR,25.0,13.0,0.0,11.0,8.0,0.0,0.0,0.0,0.0,0.0,0.0,142.0,1.0,28.2,0.0,0.0,0.0
Bobby Rainey,NYG,RB,29.0,15.0,0.0,25.0,20.0,0.0,0.0,0.0,63.0,0.0,17.0,153.0,0.0,39.6,0.0,1.0,1.0
Kevin White,CHI,WR,24.0,4.0,4.0,36.0,19.0,0.0,0.0,0.0,9.0,0.0,1.0,187.0,0.0,38.6,0.0,0.0,0.0
Benny Cunningham,LAR,RB,26.0,11.0,0.0,21.0,16.0,0.0,0.0,0.0,101.0,0.0,21.0,91.0,0.0,35.2,0.0,1.0,0.0
Ed Dickson,CAR,TE,29.0,16.0,8.0,19.0,10.0,0.0,0.0,0.0,0.0,0.0,0.0,134.0,1.0,29.4,0.0,0.0,0.0
Josh Huff,2TM,WR,25.0,10.0,2.0,23.0,16.0,0.0,0.0,1.0,15.0,0.0,4.0,113.0,1.0,34.8,0.0,0.0,0.0
Charone Peake,NYJ,WR,24.0,15.0,1.0,35.0,19.0,0.0,0.0,0.0,0.0,0.0,0.0,186.0,0.0,37.6,0.0,0.0,0.0
Jerell Adams,NYG,TE,24.0,13.0,2.0,21.0,16.0,0.0,0.0,0.0,0.0,0.0,0.0,122.0,1.0,34.2,0.0,1.0,0.0
Arrelious Benn,JAX,WR,28.0,15.0,0.0,10.0,5.0,0.0,0.0,0.0,0.0,0.0,0.0,116.0,1.0,22.6,0.0,0.0,0.0
Daniel Brown,2TM,WR,24.0,8.0,3.0,20.0,16.0,0.0,0.0,0.0,0.0,0.0,0.0,124.0,1.0,34.4,0.0,0.0,0.0
Ka'Deem Carey,CHI,RB,24.0,12.0,0.0,7.0,5.0,0.0,0.0,0.0,126.0,0.0,32.0,55.0,0.0,23.1,0.0,0.0,0.0
Andre Ellington,ARI,RB,27.0,16.0,0.0,19.0,12.0,0.0,0.0,0.0,96.0,0.0,34.0,85.0,0.0,30.1,0.0,0.0,0.0
Tom Savage,HOU,QB,26.0,3.0,2.0,0.0,0.0,461.0,0.0,73.0,12.0,0.0,6.0,0.0,0.0,17.64,0.0,1.0,1.0
Derek Anderson,CAR,QB,33.0,5.0,2.0,0.0,0.0,453.0,2.0,53.0,4.0,0.0,1.0,0.0,0.0,14.52,5.0,1.0,1.0
Reggie Bush,BUF,RB,31.0,13.0,0.0,10.0,7.0,0.0,0.0,0.0,-3.0,1.0,12.0,90.0,0.0,21.7,0.0,1.0,0.0
MarQueis Gray,MIA,TE,27.0,16.0,7.0,17.0,14.0,0.0,0.0,0.0,0.0,0.0,0.0,174.0,0.0,31.4,0.0,0.0,0.0
Kevin Hogan,CLE,QB,24.0,4.0,0.0,0.0,0.0,104.0,0.0,26.0,105.0,1.0,8.0,0.0,0.0,16.66,2.0,0.0,0.0
Denard Robinson,JAX,RB,26.0,13.0,1.0,5.0,3.0,0.0,0.0,0.0,144.0,0.0,41.0,22.0,0.0,19.6,0.0,0.0,0.0
Brandon Tate,BUF,WR,29.0,15.0,1.0,12.0,8.0,0.0,0.0,0.0,48.0,0.0,3.0,117.0,0.0,24.5,0.0,0.0,0.0
Matt Cassel,TEN,QB,34.0,4.0,1.0,0.0,0.0,284.0,2.0,51.0,3.0,0.0,4.0,0.0,0.0,15.66,2.0,1.0,0.0
Brent Celek,PHI,TE,31.0,16.0,8.0,19.0,14.0,0.0,0.0,0.0,0.0,0.0,0.0,155.0,0.0,29.5,0.0,1.0,0.0
Josh Ferguson,IND,RB,23.0,16.0,0.0,26.0,20.0,0.0,0.0,0.0,20.0,0.0,15.0,136.0,0.0,35.6,0.0,1.0,0.0
Chris Johnson,ARI,RB,31.0,4.0,0.0,1.0,0.0,0.0,0.0,0.0,95.0,1.0,25.0,0.0,0.0,15.5,0.0,0.0,0.0
Braxton Miller,HOU,WR,24.0,10.0,6.0,28.0,15.0,0.0,0.0,0.0,0.0,0.0,3.0,99.0,1.0,30.9,0.0,0.0,0.0
Terron Ward,ATL,RB,24.0,5.0,0.0,2.0,1.0,0.0,0.0,0.0,151.0,0.0,31.0,11.0,0.0,17.2,0.0,0.0,0.0
Stephen Anderson,HOU,TE,23.0,13.0,0.0,16.0,11.0,0.0,0.0,0.0,0.0,0.0,0.0,93.0,1.0,26.3,0.0,0.0,0.0
Tyler Higbee,LAR,WR,23.0,16.0,7.0,29.0,11.0,0.0,0.0,0.0,0.0,0.0,0.0,85.0,1.0,25.5,0.0,0.0,0.0
Greg Salas,BUF,WR,28.0,2.0,1.0,6.0,4.0,0.0,0.0,0.0,0.0,0.0,0.0,89.0,1.0,18.9,0.0,0.0,0.0
Cecil Shorts,TAM,WR,29.0,9.0,5.0,27.0,11.0,0.0,0.0,0.0,0.0,0.0,0.0,152.0,0.0,26.2,0.0,0.0,0.0
Mack Brown,WAS,RB,25.0,9.0,0.0,1.0,1.0,0.0,0.0,0.0,82.0,1.0,8.0,-2.0,0.0,15.0,0.0,0.0,0.0
A.J. Derby,2TM,TE,25.0,10.0,3.0,20.0,16.0,0.0,0.0,0.0,0.0,0.0,0.0,160.0,0.0,30.0,0.0,1.0,1.0
Jeff Heuerman,DEN,TE,24.0,12.0,2.0,17.0,9.0,0.0,0.0,0.0,0.0,0.0,0.0,141.0,0.0,23.1,0.0,0.0,0.0
Akeem Hunt,HOU,RB,23.0,8.0,0.0,4.0,3.0,0.0,0.0,0.0,109.0,0.0,20.0,29.0,0.0,16.8,0.0,2.0,0.0
Andy Janovich,DEN,RB,23.0,11.0,5.0,7.0,5.0,0.0,0.0,0.0,33.0,1.0,4.0,44.0,0.0,18.7,0.0,0.0,0.0
Brandon Myers,TAM,TE,31.0,16.0,9.0,14.0,7.0,0.0,0.0,0.0,0.0,0.0,0.0,59.0,1.0,18.9,0.0,0.0,0.0
Walt Powell,BUF,RB,25.0,9.0,2.0,25.0,14.0,0.0,0.0,0.0,0.0,0.0,0.0,142.0,0.0,28.2,0.0,0.0,0.0
Larry Donnell,NYG,TE,28.0,14.0,6.0,22.0,15.0,0.0,0.0,0.0,0.0,0.0,0.0,92.0,1.0,28.2,0.0,1.0,1.0
Arian Foster,MIA,RB,30.0,4.0,2.0,10.0,6.0,0.0,0.0,0.0,55.0,0.0,22.0,78.0,0.0,19.3,0.0,1.0,0.0
Crockett Gillmore,BAL,TE,25.0,7.0,5.0,14.0,8.0,0.0,0.0,0.0,0.0,0.0,0.0,71.0,1.0,21.1,0.0,0.0,0.0
Chris Harper,SFO,WR,23.0,9.0,2.0,21.0,13.0,0.0,0.0,0.0,0.0,0.0,0.0,133.0,0.0,26.3,0.0,0.0,0.0
Nick O'Leary,BUF,TE,24.0,16.0,7.0,14.0,9.0,0.0,0.0,0.0,0.0,0.0,0.0,114.0,0.0,20.4,0.0,0.0,0.0
John Phillips,2TM,TE,29.0,16.0,7.0,15.0,10.0,0.0,0.0,0.0,0.0,0.0,0.0,72.0,1.0,23.2,0.0,0.0,0.0
C.J. Spiller,2TM,RB,29.0,6.0,0.0,13.0,6.0,0.0,0.0,0.0,18.0,0.0,6.0,50.0,1.0,18.8,0.0,1.0,0.0
Jaelen Strong,HOU,WR,22.0,8.0,2.0,24.0,14.0,0.0,0.0,0.0,0.0,0.0,0.0,131.0,0.0,27.1,0.0,0.0,0.0
Paul Turner,PHI,WR,23.0,4.0,2.0,14.0,9.0,0.0,0.0,0.0,0.0,0.0,0.0,126.0,0.0,21.6,0.0,0.0,0.0
Markus Wheaton,PIT,WR,25.0,3.0,2.0,9.0,4.0,0.0,0.0,0.0,0.0,0.0,0.0,51.0,1.0,15.1,0.0,0.0,0.0
Jarius Wright,MIN,WR,27.0,8.0,1.0,14.0,11.0,0.0,0.0,0.0,0.0,0.0,0.0,67.0,1.0,23.7,0.0,0.0,0.0
Jordan Cameron,MIA,TE,28.0,3.0,3.0,11.0,8.0,0.0,0.0,0.0,0.0,0.0,0.0,60.0,1.0,20.0,0.0,0.0,0.0
Mike Davis,SFO,RB,23.0,8.0,1.0,5.0,3.0,0.0,0.0,0.0,50.0,1.0,19.0,25.0,0.0,14.5,0.0,1.0,1.0
Rhett Ellison,MIN,TE,28.0,15.0,6.0,14.0,9.0,0.0,0.0,0.0,1.0,1.0,1.0,57.0,0.0,20.8,0.0,0.0,0.0
Brittan Golden,ARI,WR,28.0,12.0,1.0,14.0,8.0,0.0,0.0,0.0,0.0,0.0,0.0,82.0,1.0,20.2,0.0,1.0,1.0
Dominique Jones,MIA,TE,29.0,9.0,2.0,10.0,7.0,0.0,0.0,0.0,0.0,0.0,0.0,61.0,1.0,19.1,0.0,0.0,0.0
Jamaal Charles,KAN,RB,30.0,3.0,0.0,3.0,2.0,0.0,0.0,0.0,40.0,1.0,12.0,14.0,0.0,13.4,0.0,0.0,0.0
Patrick DiMarco,ATL,RB,27.0,16.0,8.0,10.0,7.0,0.0,0.0,0.0,0.0,0.0,0.0,52.0,1.0,18.2,0.0,0.0,0.0
T.J. Jones,DET,WR,24.0,3.0,0.0,14.0,5.0,0.0,0.0,0.0,0.0,0.0,0.0,93.0,0.0,14.3,0.0,0.0,0.0
Neal Sterling,JAX,TE,24.0,10.0,1.0,16.0,12.0,0.0,0.0,0.0,0.0,0.0,0.0,110.0,0.0,23.0,0.0,0.0,0.0
Charlie Whitehurst,CLE,QB,34.0,1.0,0.0,0.0,0.0,182.0,1.0,24.0,1.0,0.0,2.0,0.0,0.0,9.38,1.0,0.0,0.0
Lucky Whitehead,DAL,WR,24.0,15.0,1.0,3.0,3.0,0.0,0.0,0.0,82.0,0.0,10.0,48.0,0.0,14.0,0.0,3.0,1.0
Jonathan Williams,BUF,RB,22.0,11.0,0.0,2.0,1.0,0.0,0.0,1.0,94.0,1.0,27.0,0.0,0.0,12.4,0.0,2.0,2.0
Demarcus Ayers,PIT,WR,22.0,2.0,1.0,13.0,6.0,0.0,0.0,0.0,-12.0,0.0,2.0,53.0,1.0,16.1,0.0,0.0,0.0
Alan Cross,TAM,TE,23.0,14.0,0.0,10.0,6.0,0.0,0.0,0.0,0.0,0.0,0.0,38.0,1.0,15.8,0.0,0.0,0.0
Shaun Hill,MIN,QB,36.0,3.0,1.0,0.0,0.0,242.0,0.0,35.0,5.0,0.0,5.0,0.0,0.0,10.18,0.0,0.0,0.0
David Johnson,PIT,WR,29.0,16.0,5.0,11.0,7.0,0.0,0.0,0.0,0.0,0.0,0.0,80.0,0.0,15.0,0.0,0.0,0.0
Darren McFadden,DAL,RB,29.0,3.0,2.0,5.0,3.0,0.0,0.0,0.0,87.0,0.0,24.0,17.0,0.0,13.4,0.0,0.0,0.0
Joshua Perkins,ATL,TE,23.0,8.0,1.0,5.0,3.0,0.0,0.0,0.0,0.0,0.0,0.0,42.0,1.0,13.2,0.0,0.0,0.0
Jeremy Ross,2TM,WR,28.0,6.0,1.0,4.0,4.0,0.0,0.0,0.0,0.0,0.0,0.0,37.0,1.0,13.7,0.0,0.0,0.0
Antone Smith,TAM,RB,31.0,3.0,0.0,9.0,6.0,0.0,0.0,0.0,47.0,0.0,10.0,77.0,0.0,16.4,0.0,2.0,1.0
James Wright,CIN,WR,25.0,13.0,2.0,19.0,13.0,0.0,0.0,0.0,-6.0,0.0,2.0,106.0,0.0,23.0,0.0,0.0,0.0
George Atkinson,CLE,RB,24.0,16.0,0.0,0.0,0.0,0.0,0.0,0.0,34.0,1.0,7.0,0.0,0.0,9.4,0.0,1.0,0.0
Blake Bell,SFO,TE,25.0,13.0,0.0,9.0,4.0,0.0,0.0,0.0,0.0,0.0,0.0,85.0,0.0,12.5,0.0,0.0,0.0
Leonte Carroo,MIA,WR,22.0,14.0,2.0,6.0,3.0,0.0,0.0,0.0,0.0,0.0,0.0,29.0,1.0,11.9,0.0,0.0,0.0
Pharoh Cooper,LAR,WR,21.0,10.0,3.0,20.0,14.0,0.0,0.0,1.0,0.0,0.0,0.0,106.0,0.0,22.6,1.0,0.0,0.0
Gavin Escobar,DAL,TE,25.0,16.0,1.0,7.0,4.0,0.0,0.0,0.0,0.0,0.0,0.0,30.0,1.0,13.0,0.0,0.0,0.0
Mike Glennon,TAM,QB,27.0,2.0,0.0,0.0,0.0,75.0,1.0,11.0,0.0,0.0,0.0,0.0,0.0,7.0,0.0,0.0,0.0
Tyler Kroft,CIN,WR,24.0,14.0,11.0,12.0,10.0,0.0,0.0,0.0,0.0,0.0,0.0,92.0,0.0,19.2,0.0,0.0,0.0
Tommylee Lewis,NOR,WR,24.0,12.0,1.0,11.0,7.0,0.0,0.0,0.0,11.0,0.0,3.0,76.0,0.0,15.7,0.0,2.0,0.0
Marcel Reece,SEA,RB,31.0,4.0,0.0,5.0,5.0,0.0,0.0,0.0,0.0,0.0,2.0,73.0,0.0,12.3,0.0,0.0,0.0
Drew Stanton,ARI,QB,32.0,5.0,1.0,0.0,0.0,192.0,2.0,48.0,-3.0,0.0,3.0,0.0,0.0,9.38,3.0,0.0,0.0
Juwan Thompson,DEN,RB,24.0,8.0,1.0,1.0,0.0,0.0,0.0,0.0,26.0,1.0,8.0,0.0,0.0,8.6,0.0,0.0,0.0
Scott Tolzien,IND,QB,29.0,3.0,1.0,0.0,0.0,216.0,1.0,37.0,3.0,0.0,6.0,0.0,0.0,8.940000000000003,2.0,1.0,0.0
Fitzgerald Toussaint,PIT,RB,26.0,16.0,0.0,3.0,3.0,0.0,0.0,0.0,58.0,0.0,14.0,33.0,0.0,12.1,0.0,0.0,0.0
Bryce Treggs,PHI,WR,22.0,9.0,1.0,12.0,3.0,0.0,0.0,0.0,7.0,0.0,2.0,80.0,0.0,11.7,0.0,0.0,0.0
Terrell Watson,PHI,RB,23.0,1.0,0.0,1.0,1.0,0.0,0.0,0.0,28.0,1.0,9.0,5.0,0.0,10.3,0.0,0.0,0.0
Derek Watt,SDG,RB,24.0,16.0,2.0,4.0,4.0,0.0,0.0,0.0,4.0,0.0,2.0,83.0,0.0,12.7,0.0,0.0,0.0
Andre Williams,SDG,RB,24.0,1.0,0.0,2.0,0.0,0.0,0.0,0.0,87.0,0.0,18.0,0.0,0.0,8.7,0.0,0.0,0.0
Trevone Boykin,SEA,QB,23.0,5.0,0.0,0.0,0.0,145.0,1.0,18.0,1.0,0.0,8.0,0.0,0.0,7.9,1.0,1.0,0.0
Connor Cook,OAK,QB,23.0,1.0,0.0,0.0,0.0,150.0,1.0,21.0,0.0,0.0,0.0,0.0,0.0,6.0,1.0,2.0,1.0
Ryan Grant,WAS,WR,26.0,16.0,1.0,19.0,9.0,0.0,0.0,0.0,0.0,0.0,0.0,76.0,0.0,16.6,0.0,0.0,0.0
Connor Hamlett,CLE,TE,24.0,3.0,2.0,1.0,1.0,0.0,0.0,0.0,0.0,0.0,0.0,17.0,1.0,8.7,0.0,0.0,0.0
Rashard Higgins,CLE,WR,22.0,16.0,0.0,12.0,6.0,0.0,0.0,0.0,0.0,0.0,0.0,77.0,0.0,13.7,0.0,0.0,0.0
Cody Latimer,DEN,WR,24.0,12.0,1.0,15.0,8.0,0.0,0.0,0.0,0.0,0.0,0.0,76.0,0.0,15.6,0.0,0.0,0.0
Matt Lengel,NWE,TE,26.0,6.0,0.0,3.0,2.0,0.0,0.0,0.0,0.0,0.0,0.0,22.0,1.0,10.2,0.0,0.0,0.0
Geno Smith,NYJ,QB,26.0,2.0,1.0,0.0,0.0,126.0,1.0,14.0,9.0,0.0,2.0,0.0,0.0,7.939999999999999,1.0,1.0,0.0
Wendall Williams,HOU,WR,26.0,3.0,0.0,7.0,4.0,0.0,0.0,0.0,0.0,0.0,0.0,75.0,0.0,11.5,0.0,0.0,0.0
Malcolm Brown,LAR,RB,23.0,16.0,0.0,3.0,3.0,0.0,0.0,0.0,39.0,0.0,18.0,46.0,0.0,9.5,0.0,1.0,1.0
Aaron Burbridge,SFO,WR,23.0,16.0,3.0,16.0,7.0,0.0,0.0,0.0,0.0,0.0,0.0,88.0,0.0,13.8,0.0,1.0,1.0
Michael Campanaro,BAL,WR,25.0,3.0,0.0,1.0,0.0,0.0,0.0,0.0,72.0,0.0,3.0,0.0,0.0,7.2,0.0,0.0,0.0
Josh Doctson,WAS,WR,24.0,2.0,0.0,6.0,2.0,0.0,0.0,0.0,0.0,0.0,0.0,66.0,0.0,8.6,0.0,0.0,0.0
Alex Erickson,CIN,WR,24.0,16.0,0.0,8.0,6.0,0.0,0.0,0.0,0.0,0.0,0.0,71.0,0.0,13.1,0.0,3.0,0.0
Jerome Felton,BUF,RB,30.0,15.0,4.0,9.0,6.0,0.0,0.0,0.0,13.0,0.0,8.0,57.0,0.0,13.0,0.0,0.0,0.0
Maurice Harris,WAS,WR,24.0,10.0,0.0,12.0,8.0,0.0,0.0,0.0,0.0,0.0,0.0,66.0,0.0,14.6,0.0,1.0,0.0
EJ Manuel,BUF,QB,26.0,6.0,1.0,0.0,0.0,131.0,0.0,26.0,22.0,0.0,8.0,0.0,0.0,5.44,0.0,2.0,1.0
Byron Marshall,PHI,RB,22.0,3.0,0.0,5.0,3.0,0.0,0.0,0.0,64.0,0.0,19.0,10.0,0.0,10.4,0.0,0.0,0.0
Chris Moore,BAL,WR,23.0,15.0,0.0,16.0,7.0,0.0,0.0,0.0,19.0,0.0,3.0,46.0,0.0,13.5,0.0,1.0,0.0
Keith Mumphery,HOU,WR,24.0,11.0,3.0,12.0,10.0,0.0,0.0,0.0,0.0,0.0,0.0,69.0,0.0,16.9,0.0,0.0,0.0
Geoff Swaim,DAL,TE,23.0,9.0,6.0,8.0,6.0,0.0,0.0,0.0,0.0,0.0,0.0,69.0,0.0,12.9,0.0,0.0,0.0
Keenan Allen,SDG,WR,24.0,1.0,1.0,7.0,6.0,0.0,0.0,0.0,0.0,0.0,0.0,63.0,0.0,12.3,0.0,0.0,0.0
Jace Amaro,TEN,TE,24.0,3.0,0.0,4.0,3.0,0.0,0.0,0.0,0.0,0.0,0.0,59.0,0.0,8.9,0.0,0.0,0.0
Brandon Bostick,NYJ,TE,27.0,16.0,7.0,11.0,8.0,0.0,0.0,0.0,0.0,0.0,0.0,63.0,0.0,14.3,0.0,0.0,0.0
Trevor Davis,GNB,WR,23.0,11.0,0.0,7.0,3.0,0.0,0.0,0.0,0.0,0.0,0.0,24.0,1.0,9.4,0.0,2.0,1.0
Johnny Holton,OAK,WR,25.0,15.0,0.0,3.0,2.0,0.0,0.0,0.0,43.0,0.0,6.0,34.0,0.0,7.699999999999997,0.0,1.0,1.0
Adrian Peterson,MIN,RB,31.0,3.0,3.0,6.0,3.0,0.0,0.0,0.0,72.0,0.0,37.0,8.0,0.0,9.0,0.0,1.0,1.0
Phillip Supernaw,TEN,TE,26.0,15.0,2.0,5.0,4.0,0.0,0.0,0.0,0.0,0.0,0.0,62.0,0.0,10.2,0.0,0.0,0.0
De'Anthony Thomas,KAN,WR,23.0,12.0,0.0,9.0,7.0,0.0,0.0,0.0,29.0,0.0,4.0,35.0,0.0,13.4,0.0,0.0,0.0
D.J. Tialavea,ATL,TE,25.0,2.0,0.0,1.0,1.0,0.0,0.0,0.0,0.0,0.0,0.0,1.0,1.0,7.1,0.0,0.0,0.0
Jordan Todman,IND,RB,26.0,16.0,0.0,1.0,0.0,0.0,0.0,0.0,59.0,0.0,9.0,0.0,0.0,5.9,0.0,0.0,0.0
Nick Williams,ATL,WR,26.0,2.0,0.0,7.0,5.0,0.0,0.0,0.0,0.0,0.0,0.0,59.0,0.0,10.9,0.0,0.0,0.0
Javorius Allen,BAL,RB,25.0,8.0,0.0,4.0,3.0,0.0,0.0,0.0,34.0,0.0,9.0,15.0,0.0,7.9,0.0,0.0,0.0
Knile Davis,2TM,RB,25.0,11.0,0.0,7.0,5.0,0.0,0.0,0.0,28.0,0.0,18.0,25.0,0.0,10.3,0.0,0.0,0.0
Dwayne Harris,NYG,WR,29.0,16.0,1.0,1.0,1.0,0.0,0.0,0.0,0.0,0.0,0.0,13.0,1.0,6.3000000000000025,0.0,3.0,1.0
Tavarres King,NYG,WR,26.0,7.0,0.0,4.0,2.0,0.0,0.0,0.0,0.0,0.0,0.0,50.0,0.0,7.0,0.0,0.0,0.0
Ifeanyi Momah,ARI,TE,27.0,5.0,1.0,4.0,2.0,0.0,0.0,0.0,0.0,0.0,0.0,50.0,0.0,7.0,0.0,0.0,0.0
Troymaine Pope,2TM,RB,23.0,4.0,0.0,2.0,1.0,0.0,0.0,0.0,44.0,0.0,12.0,5.0,0.0,5.9,0.0,0.0,0.0
Tony Romo,DAL,QB,36.0,1.0,0.0,0.0,0.0,29.0,1.0,4.0,0.0,0.0,0.0,0.0,0.0,5.16,0.0,0.0,0.0
Brandon Wilds,NYJ,RB,23.0,4.0,0.0,2.0,2.0,0.0,0.0,0.0,27.0,0.0,10.0,20.0,0.0,6.7,0.0,0.0,0.0
Nick Boyle,BAL,TE,23.0,6.0,0.0,6.0,6.0,0.0,0.0,0.0,0.0,0.0,0.0,44.0,0.0,10.4,0.0,0.0,0.0
Ben Braunecker,CHI,TE,22.0,13.0,2.0,6.0,4.0,0.0,0.0,0.0,0.0,0.0,0.0,41.0,0.0,8.1,0.0,0.0,0.0
Quan Bray,IND,WR,23.0,6.0,0.0,4.0,3.0,0.0,0.0,0.0,7.0,0.0,1.0,36.0,0.0,7.3,0.0,0.0,0.0
Mike James,TAM,RB,25.0,4.0,0.0,4.0,4.0,0.0,0.0,0.0,19.0,0.0,4.0,22.0,0.0,8.1,0.0,0.0,0.0
Taiwan Jones,OAK,RB,28.0,13.0,0.0,4.0,4.0,0.0,0.0,0.0,-8.0,0.0,1.0,43.0,0.0,7.500000000000001,0.0,0.0,0.0
Daniel Lasco,NOR,RB,24.0,7.0,0.0,4.0,2.0,0.0,0.0,0.0,32.0,0.0,11.0,11.0,0.0,6.3000000000000025,0.0,0.0,0.0
Bradley Marquez,LAR,WR,24.0,14.0,0.0,7.0,3.0,0.0,0.0,0.0,2.0,0.0,1.0,37.0,0.0,6.9,0.0,0.0,0.0
Dexter McCluster,SDG,WR,27.0,6.0,0.0,11.0,7.0,0.0,0.0,0.0,2.0,0.0,3.0,36.0,0.0,10.8,0.0,0.0,0.0
Justin Perillo,GNB,TE,25.0,9.0,1.0,5.0,4.0,0.0,0.0,0.0,0.0,0.0,0.0,35.0,0.0,7.5,0.0,0.0,0.0
Brandon Williams,SEA,TE,29.0,16.0,1.0,3.0,2.0,0.0,0.0,0.0,0.0,0.0,0.0,36.0,0.0,5.6,0.0,0.0,0.0
Derek Carrier,WAS,TE,26.0,8.0,0.0,2.0,2.0,0.0,0.0,0.0,0.0,0.0,0.0,10.0,0.0,3.0,0.0,0.0,0.0
D.J. Foster,NWE,RB,23.0,3.0,0.0,2.0,1.0,0.0,0.0,0.0,24.0,0.0,7.0,2.0,0.0,3.6,0.0,0.0,0.0
Don Jackson,GNB,RB,23.0,3.0,1.0,1.0,0.0,0.0,0.0,0.0,32.0,0.0,10.0,0.0,0.0,3.2,0.0,0.0,0.0
Malcolm Johnson,CLE,RB,24.0,7.0,1.0,7.0,5.0,0.0,0.0,0.0,2.0,0.0,1.0,44.0,0.0,7.6,0.0,1.0,1.0
Sean McGrath,SDG,TE,29.0,16.0,5.0,2.0,2.0,0.0,0.0,0.0,0.0,0.0,0.0,25.0,0.0,4.5,0.0,0.0,0.0
Niles Paul,WAS,TE,27.0,8.0,1.0,2.0,2.0,0.0,0.0,0.0,0.0,0.0,0.0,27.0,0.0,4.7,0.0,0.0,0.0
Isaiah Pead,MIA,RB,27.0,3.0,0.0,1.0,1.0,0.0,0.0,0.0,22.0,0.0,8.0,6.0,0.0,3.8,0.0,0.0,0.0
Keith Smith,DAL,RB,24.0,16.0,1.0,4.0,3.0,0.0,0.0,0.0,5.0,0.0,2.0,20.0,0.0,5.5,0.0,0.0,0.0
Lee Smith,OAK,TE,29.0,4.0,4.0,6.0,6.0,0.0,0.0,0.0,0.0,0.0,0.0,29.0,0.0,8.9,0.0,0.0,0.0
Nick Vannett,SEA,TE,23.0,9.0,2.0,4.0,3.0,0.0,0.0,0.0,0.0,0.0,0.0,32.0,0.0,6.2,0.0,0.0,0.0
Danny Vitale,CLE,RB,23.0,9.0,3.0,5.0,4.0,0.0,0.0,0.0,0.0,0.0,0.0,27.0,0.0,6.7,0.0,0.0,0.0
Antonio Andrews,TEN,RB,24.0,16.0,0.0,0.0,0.0,0.0,0.0,0.0,15.0,0.0,2.0,0.0,0.0,1.5,0.0,0.0,0.0
Brenton Bersin,CAR,WR,26.0,10.0,0.0,6.0,2.0,0.0,0.0,0.0,0.0,0.0,0.0,17.0,0.0,3.7,0.0,0.0,0.0
Brandon Bolden,NWE,RB,26.0,14.0,0.0,4.0,2.0,0.0,0.0,0.0,4.0,0.0,1.0,15.0,0.0,3.9,0.0,0.0,0.0
Damiere Byrd,CAR,WR,23.0,1.0,0.0,1.0,1.0,0.0,0.0,0.0,0.0,0.0,0.0,16.0,0.0,2.6,0.0,0.0,0.0
James Develin,NWE,RB,28.0,16.0,4.0,6.0,3.0,0.0,0.0,0.0,0.0,0.0,0.0,18.0,0.0,4.8,0.0,0.0,0.0
Jalston Fowler,TEN,RB,26.0,16.0,7.0,2.0,1.0,0.0,0.0,0.0,3.0,0.0,1.0,14.0,0.0,2.7,0.0,0.0,0.0
Clay Harbor,2TM,TE,29.0,15.0,2.0,3.0,3.0,0.0,0.0,0.0,0.0,0.0,0.0,19.0,0.0,4.9,0.0,0.0,0.0
Percy Harvin,BUF,WR,28.0,2.0,1.0,4.0,2.0,0.0,0.0,0.0,11.0,0.0,1.0,6.0,0.0,3.7,0.0,0.0,0.0
Cardale Jones,BUF,QB,24.0,1.0,0.0,0.0,0.0,96.0,0.0,11.0,-1.0,0.0,1.0,0.0,0.0,1.7399999999999998,1.0,0.0,0.0
Zach Line,MIN,RB,26.0,15.0,4.0,3.0,0.0,0.0,0.0,0.0,15.0,0.0,7.0,0.0,0.0,1.5,0.0,0.0,0.0
Marc Mariani,TEN,WR,29.0,16.0,0.0,0.0,0.0,0.0,0.0,0.0,15.0,0.0,1.0,0.0,0.0,1.5,0.0,1.0,0.0
Matt McGloin,OAK,QB,27.0,3.0,1.0,0.0,0.0,50.0,0.0,15.0,-3.0,0.0,3.0,0.0,0.0,1.7,0.0,0.0,0.0
J.D. McKissic,SEA,RB,23.0,1.0,0.0,2.0,2.0,0.0,0.0,0.0,2.0,0.0,1.0,16.0,0.0,3.8,0.0,0.0,0.0
Logan Paulsen,CHI,TE,29.0,16.0,12.0,10.0,3.0,0.0,0.0,0.0,0.0,0.0,0.0,15.0,0.0,4.5,0.0,0.0,0.0
Cedric Peerman,CIN,RB,30.0,6.0,0.0,1.0,0.0,0.0,0.0,0.0,15.0,0.0,6.0,0.0,0.0,1.5,0.0,0.0,0.0
Jay Prosch,HOU,RB,24.0,15.0,1.0,1.0,1.0,0.0,0.0,0.0,9.0,0.0,4.0,6.0,0.0,2.5,0.0,0.0,0.0
DeAndre Smelter,SFO,WR,25.0,2.0,0.0,1.0,1.0,0.0,0.0,0.0,0.0,0.0,0.0,23.0,0.0,3.3,0.0,0.0,0.0
Devin Smith,NYJ,WR,24.0,4.0,0.0,3.0,1.0,0.0,0.0,0.0,0.0,0.0,0.0,20.0,0.0,3.0,0.0,0.0,0.0
Luke Stocker,TAM,TE,28.0,12.0,10.0,8.0,5.0,0.0,0.0,0.0,0.0,0.0,0.0,23.0,0.0,7.3,0.0,0.0,0.0
Devin Street,IND,WR,25.0,5.0,0.0,6.0,1.0,0.0,0.0,0.0,0.0,0.0,0.0,20.0,0.0,3.0,0.0,0.0,0.0
Mike Thomas,LAR,WR,22.0,15.0,0.0,9.0,3.0,0.0,0.0,0.0,0.0,0.0,0.0,37.0,0.0,4.7,0.0,1.0,1.0
Ross Travis,KAN,TE,23.0,6.0,3.0,6.0,3.0,0.0,0.0,0.0,0.0,0.0,0.0,15.0,0.0,4.5,0.0,0.0,0.0
Laquon Treadwell,MIN,WR,21.0,9.0,1.0,3.0,1.0,0.0,0.0,0.0,0.0,0.0,0.0,15.0,0.0,2.5,0.0,0.0,0.0
Griff Whalen,SDG,WR,26.0,8.0,0.0,4.0,2.0,0.0,0.0,0.0,0.0,0.0,0.0,22.0,0.0,4.2,0.0,0.0,0.0
Cole Wick,DET,TE,23.0,6.0,0.0,3.0,2.0,0.0,0.0,0.0,0.0,0.0,0.0,18.0,0.0,3.8,0.0,0.0,0.0
Shane Wynn,JAX,WR,24.0,5.0,0.0,3.0,1.0,0.0,0.0,0.0,5.0,0.0,2.0,19.0,0.0,3.4,0.0,0.0,0.0
Jared Abbrederis,GNB,WR,26.0,5.0,0.0,2.0,1.0,0.0,0.0,0.0,0.0,0.0,0.0,8.0,0.0,1.8,0.0,0.0,0.0
Joe Banyard,JAX,RB,28.0,1.0,0.0,0.0,0.0,0.0,0.0,0.0,7.0,0.0,2.0,0.0,0.0,0.7,0.0,0.0,0.0
Jeremy Butler,SDG,WR,25.0,4.0,0.0,2.0,2.0,0.0,0.0,0.0,0.0,0.0,0.0,11.0,0.0,3.1,0.0,0.0,0.0
Gerald Christian,BUF,TE,25.0,3.0,0.0,2.0,1.0,0.0,0.0,0.0,0.0,0.0,0.0,14.0,0.0,2.4,0.0,0.0,0.0
Chase Daniel,PHI,QB,30.0,1.0,0.0,0.0,0.0,16.0,0.0,1.0,0.0,0.0,0.0,0.0,0.0,0.64,0.0,0.0,0.0
Alex Ellis,JAX,TE,23.0,6.0,3.0,4.0,3.0,0.0,0.0,0.0,0.0,0.0,0.0,11.0,0.0,4.1,0.0,0.0,0.0
David Fales,CHI,QB,26.0,1.0,0.0,0.0,0.0,22.0,0.0,5.0,0.0,0.0,1.0,0.0,0.0,0.88,0.0,1.0,0.0
George Farmer,SEA,RB,23.0,2.0,0.0,3.0,1.0,0.0,0.0,0.0,1.0,0.0,1.0,4.0,0.0,1.5,0.0,0.0,0.0
Rashad Greene,JAX,WR,24.0,8.0,0.0,8.0,5.0,0.0,0.0,0.0,0.0,0.0,0.0,32.0,0.0,6.1999999999999975,0.0,4.0,1.0
Je'Ron Hamm,SFO,TE,24.0,5.0,0.0,4.0,2.0,0.0,0.0,0.0,0.0,0.0,0.0,13.0,0.0,3.3,0.0,0.0,0.0
Ryan Hewitt,CIN,RB,25.0,16.0,11.0,3.0,2.0,0.0,0.0,0.0,0.0,0.0,0.0,13.0,0.0,3.3,0.0,0.0,0.0
Bronson Hill,JAX,RB,23.0,3.0,0.0,1.0,0.0,0.0,0.0,0.0,11.0,0.0,2.0,0.0,0.0,1.1,0.0,0.0,0.0
Henry Krieger-Coble,DEN,TE,24.0,2.0,0.0,1.0,1.0,0.0,0.0,0.0,0.0,0.0,0.0,13.0,0.0,2.3,0.0,0.0,0.0
Paul Lasike,CHI,RB,26.0,10.0,3.0,1.0,1.0,0.0,0.0,0.0,8.0,0.0,3.0,3.0,0.0,2.1,0.0,0.0,0.0
Terrence Magee,SEA,RB,23.0,2.0,0.0,0.0,0.0,0.0,0.0,0.0,12.0,0.0,3.0,0.0,0.0,1.2,0.0,0.0,0.0
Chris Manhertz,2TM,TE,24.0,7.0,2.0,1.0,1.0,0.0,0.0,0.0,0.0,0.0,0.0,10.0,0.0,2.0,0.0,0.0,0.0
Paul McRoberts,LAR,WR,24.0,2.0,0.0,1.0,1.0,0.0,0.0,0.0,0.0,0.0,0.0,6.0,0.0,1.6,0.0,0.0,0.0
Raheem Mostert,2TM,RB,24.0,3.0,0.0,0.0,0.0,0.0,0.0,0.0,6.0,0.0,1.0,0.0,0.0,0.6,0.0,0.0,0.0
Matthew Mulligan,DET,TE,31.0,8.0,0.0,1.0,1.0,0.0,0.0,0.0,0.0,0.0,0.0,8.0,0.0,1.8,0.0,0.0,0.0
Roosevelt Nix,PIT,RB,24.0,10.0,3.0,2.0,2.0,0.0,0.0,0.0,0.0,0.0,0.0,5.0,0.0,2.5,0.0,0.0,0.0
MyCole Pruitt,2TM,TE,24.0,4.0,0.0,2.0,2.0,0.0,0.0,0.0,0.0,0.0,0.0,13.0,0.0,3.3,0.0,0.0,0.0
Daryl Richardson,PIT,RB,26.0,3.0,0.0,0.0,0.0,0.0,0.0,0.0,7.0,0.0,2.0,0.0,0.0,0.7,0.0,0.0,0.0
Stevan Ridley,ATL,RB,27.0,1.0,0.0,0.0,0.0,0.0,0.0,0.0,7.0,0.0,3.0,0.0,0.0,0.7,0.0,0.0,0.0
Rashad Ross,WAS,WR,26.0,5.0,0.0,1.0,1.0,0.0,0.0,0.0,0.0,0.0,0.0,8.0,0.0,1.8,0.0,0.0,0.0
Anthony Sherman,KAN,RB,28.0,16.0,3.0,6.0,4.0,0.0,0.0,0.0,0.0,0.0,0.0,11.0,0.0,5.1,0.0,0.0,0.0
Lorenzo Taliaferro,BAL,RB,25.0,3.0,0.0,3.0,3.0,0.0,0.0,0.0,0.0,0.0,1.0,10.0,0.0,4.0,0.0,0.0,0.0
Stepfan Taylor,ARI,RB,25.0,15.0,0.0,0.0,0.0,0.0,0.0,0.0,12.0,0.0,4.0,0.0,0.0,1.2,0.0,0.0,0.0
Tony Washington,JAX,WR,24.0,2.0,0.0,1.0,1.0,0.0,0.0,0.0,0.0,0.0,0.0,9.0,0.0,1.9,0.0,0.0,0.0
Mario Alford,CLE,0,24.0,3.0,0.0,0.0,0.0,0.0,0.0,0.0,0.0,0.0,0.0,0.0,0.0,0.0,0.0,0.0,0.0
Joique Bell,2TM,RB,30.0,7.0,0.0,1.0,1.0,0.0,0.0,0.0,6.0,0.0,3.0,-2.0,0.0,1.4,0.0,0.0,0.0
Braedon Bowman,NYJ,0,22.0,3.0,0.0,1.0,0.0,0.0,0.0,0.0,0.0,0.0,0.0,0.0,0.0,0.0,0.0,0.0,0.0
Brandon Burks,NYJ,RB,23.0,1.0,0.0,0.0,0.0,0.0,0.0,0.0,-4.0,0.0,2.0,0.0,0.0,-0.4,0.0,0.0,0.0
Isaiah Burse,SDG,0,25.0,9.0,1.0,4.0,0.0,0.0,0.0,0.0,0.0,0.0,0.0,0.0,0.0,0.0,0.0,0.0,0.0
Michael Burton,DET,0,24.0,15.0,0.0,1.0,0.0,0.0,0.0,0.0,0.0,0.0,0.0,0.0,0.0,0.0,0.0,0.0,0.0
Orson Charles,DET,0,25.0,2.0,0.0,0.0,0.0,0.0,0.0,0.0,0.0,0.0,0.0,0.0,0.0,0.0,0.0,0.0,0.0
Kellen Clemens,SDG,QB,33.0,12.0,0.0,0.0,0.0,0.0,0.0,1.0,-1.0,0.0,2.0,0.0,0.0,-0.1,0.0,0.0,0.0
Asante Cleveland,SDG,0,24.0,4.0,0.0,0.0,0.0,0.0,0.0,0.0,0.0,0.0,0.0,0.0,0.0,0.0,0.0,0.0,0.0
Chase Coffman,IND,0,30.0,2.0,0.0,0.0,0.0,0.0,0.0,0.0,0.0,0.0,0.0,0.0,0.0,0.0,0.0,0.0,0.0
Geremy Davis,SDG,0,24.0,3.0,0.0,2.0,0.0,0.0,0.0,0.0,0.0,0.0,0.0,0.0,0.0,0.0,0.0,0.0,0.0
Kellen Davis,NYJ,0,31.0,8.0,7.0,1.0,0.0,0.0,0.0,0.0,0.0,0.0,0.0,0.0,0.0,0.0,0.0,0.0,0.0
Jim Dray,2TM,0,30.0,6.0,2.0,0.0,0.0,0.0,0.0,0.0,0.0,0.0,0.0,0.0,0.0,0.0,0.0,0.0,0.0
Donteea Dye,TAM,0,23.0,1.0,0.0,0.0,0.0,0.0,0.0,0.0,0.0,0.0,0.0,0.0,0.0,0.0,0.0,0.0,0.0
Glenn Gronkowski,BUF,0,23.0,1.0,0.0,0.0,0.0,0.0,0.0,0.0,0.0,0.0,0.0,0.0,0.0,0.0,0.0,0.0,0.0
Russell Hansbrough,TAM,0,23.0,2.0,0.0,0.0,0.0,0.0,0.0,0.0,0.0,0.0,0.0,0.0,0.0,0.0,0.0,0.0,0.0
Cory Harkey,LAR,0,26.0,12.0,1.0,0.0,0.0,0.0,0.0,0.0,0.0,0.0,0.0,0.0,0.0,0.0,0.0,0.0,0.0
Clark Harris,CIN,0,32.0,13.0,0.0,0.0,0.0,0.0,0.0,0.0,0.0,0.0,0.0,0.0,0.0,0.0,0.0,0.0,0.0
Temarrick Hemingway,LAR,0,23.0,8.0,0.0,0.0,0.0,0.0,0.0,0.0,0.0,0.0,0.0,0.0,0.0,0.0,0.0,0.0,0.0
Chad Henne,JAX,QB,31.0,1.0,0.0,0.0,0.0,0.0,0.0,0.0,-2.0,0.0,1.0,0.0,0.0,-0.2,0.0,0.0,0.0
Julian Howsare,NYJ,0,24.0,2.0,0.0,0.0,0.0,0.0,0.0,0.0,0.0,0.0,0.0,0.0,0.0,0.0,0.0,0.0,0.0
Joe Kerridge,GNB,RB,24.0,8.0,0.0,0.0,0.0,0.0,0.0,0.0,0.0,0.0,1.0,0.0,0.0,0.0,0.0,0.0,0.0
Jake Lampman,NOR,0,23.0,6.0,0.0,0.0,0.0,0.0,0.0,0.0,0.0,0.0,0.0,0.0,0.0,0.0,0.0,0.0,0.0
Khari Lee,DET,0,24.0,8.0,0.0,1.0,0.0,0.0,0.0,0.0,0.0,0.0,0.0,0.0,0.0,0.0,0.0,0.0,0.0
Dezmin Lewis,BUF,0,24.0,1.0,0.0,1.0,0.0,0.0,0.0,0.0,0.0,0.0,0.0,0.0,0.0,0.0,0.0,0.0,0.0
Tony Lippett,MIA,0,24.0,16.0,13.0,0.0,0.0,0.0,0.0,0.0,0.0,0.0,0.0,0.0,0.0,0.0,0.0,0.0,0.0
Vince Mayle,DAL,0,25.0,6.0,0.0,0.0,0.0,0.0,0.0,0.0,0.0,0.0,0.0,0.0,0.0,0.0,0.0,0.0,0.0
Tre McBride,TEN,0,24.0,2.0,0.0,0.0,0.0,0.0,0.0,0.0,0.0,0.0,0.0,0.0,0.0,0.0,0.0,0.0,0.0
A.J. McCarron,CIN,0,26.0,1.0,0.0,0.0,0.0,0.0,0.0,0.0,0.0,0.0,0.0,0.0,0.0,0.0,0.0,0.0,0.0
David Morgan,MIN,TE,23.0,12.0,0.0,1.0,1.0,0.0,0.0,0.0,0.0,0.0,0.0,4.0,0.0,1.4,0.0,0.0,0.0
Marcus Murphy,NOR,RB,25.0,3.0,0.0,1.0,1.0,0.0,0.0,0.0,0.0,0.0,0.0,3.0,0.0,1.3,0.0,0.0,0.0
Troy Niklas,ARI,TE,24.0,3.0,2.0,2.0,1.0,0.0,0.0,0.0,0.0,0.0,0.0,0.0,0.0,1.0,0.0,0.0,0.0
James O'Shaughnessy,KAN,TE,24.0,16.0,3.0,3.0,2.0,0.0,0.0,0.0,0.0,0.0,0.0,-1.0,0.0,1.9,0.0,0.0,0.0
Ryan O'Malley,OAK,0,23.0,1.0,0.0,0.0,0.0,0.0,0.0,0.0,0.0,0.0,0.0,0.0,0.0,0.0,0.0,0.0,0.0
Jordan Payton,CLE,WR,23.0,4.0,0.0,3.0,1.0,0.0,0.0,0.0,0.0,0.0,0.0,3.0,0.0,1.3,0.0,0.0,0.0
Chase Reynolds,LAR,RB,29.0,16.0,0.0,1.0,1.0,0.0,0.0,0.0,0.0,0.0,0.0,4.0,0.0,1.4,0.0,0.0,0.0
Demarcus Robinson,KAN,0,22.0,16.0,0.0,0.0,0.0,0.0,0.0,0.0,0.0,0.0,0.0,0.0,0.0,0.0,0.0,0.0,0.0
Khiry Robinson,NYJ,RB,27.0,1.0,0.0,0.0,0.0,0.0,0.0,0.0,22.0,0.0,8.0,0.0,0.0,0.2,0.0,1.0,1.0
Mark Sanchez,DAL,QB,30.0,2.0,0.0,0.0,0.0,93.0,0.0,18.0,-2.0,0.0,4.0,0.0,0.0,-0.4799999999999998,2.0,0.0,0.0
Matt Schaub,ATL,QB,35.0,4.0,0.0,0.0,0.0,16.0,0.0,3.0,-2.0,0.0,2.0,0.0,0.0,0.44,0.0,0.0,0.0
Rod Smith,DAL,RB,24.0,7.0,0.0,1.0,1.0,0.0,0.0,0.0,0.0,0.0,0.0,4.0,0.0,1.4,0.0,0.0,0.0
Nate Solder,NWE,0,28.0,15.0,15.0,0.0,0.0,0.0,0.0,0.0,0.0,0.0,0.0,0.0,0.0,0.0,0.0,0.0,0.0
Randall Telfer,CLE,TE,24.0,14.0,5.0,7.0,2.0,0.0,0.0,0.0,0.0,0.0,0.0,4.0,0.0,2.4,0.0,0.0,0.0
Will Tukuafu,SEA,RB,32.0,7.0,1.0,1.0,0.0,0.0,0.0,0.0,2.0,0.0,2.0,0.0,0.0,0.2,0.0,0.0,0.0
Hakeem Valles,ARI,0,24.0,11.0,1.0,2.0,0.0,0.0,0.0,0.0,0.0,0.0,0.0,0.0,0.0,0.0,0.0,0.0,0.0
Joe Webb,CAR,QB,30.0,14.0,0.0,3.0,1.0,0.0,0.0,0.0,0.0,0.0,0.0,3.0,0.0,1.3,0.0,0.0,0.0
Eric Weems,ATL,0,31.0,16.0,0.0,0.0,0.0,0.0,0.0,0.0,0.0,0.0,0.0,0.0,0.0,0.0,0.0,0.0,0.0
Kasen Williams,SEA,0,24.0,1.0,0.0,1.0,0.0,0.0,0.0,0.0,0.0,0.0,0.0,0.0,0.0,0.0,0.0,0.0,0.0
Maxx Williams,BAL,0,22.0,4.0,0.0,0.0,0.0,0.0,0.0,0.0,0.0,0.0,0.0,0.0,0.0,0.0,0.0,0.0,0.0
T.J. Yates,MIA,0,29.0,0.0,0.0,0.0,0.0,0.0,0.0,0.0,0.0,0.0,0.0,0.0,0.0,0.0,0.0,0.0,0.0
Bralon Addison,CHI,RB,23.0,2.0,0.0,1.0,1.0,0.0,0.0,0.0,4.0,0.0,1.0,11.0,0.0,0.5,0.0,1.0,1.0
Sean Mannion,LAR,QB,24.0,1.0,0.0,0.0,0.0,19.0,0.0,6.0,-1.0,0.0,1.0,0.0,0.0,-1.34,1.0,1.0,0.0
Tyler Ervin,HOU,RB,23.0,12.0,0.0,5.0,3.0,0.0,0.0,0.0,3.0,0.0,1.0,18.0,0.0,1.0999999999999996,0.0,3.0,2.0
Jakeem Grant,MIA,WR,24.0,16.0,0.0,1.0,0.0,0.0,0.0,0.0,1.0,0.0,1.0,0.0,0.0,-1.9,0.0,4.0,1.0
Brett Hundley,GNB,QB,23.0,4.0,0.0,0.0,0.0,17.0,0.0,10.0,-2.0,0.0,3.0,0.0,0.0,-1.5199999999999998,1.0,1.0,0.0
Ryan Mallett,BAL,QB,28.0,4.0,0.0,0.0,0.0,26.0,0.0,6.0,-6.0,0.0,5.0,0.0,0.0,-1.56,1.0,0.0,0.0
Keshawn Martin,SFO,0,26.0,1.0,0.0,0.0,0.0,0.0,0.0,0.0,0.0,0.0,0.0,0.0,0.0,-2.0,0.0,1.0,1.0
Matthew Slater,NWE,WR,31.0,13.0,0.0,1.0,0.0,0.0,0.0,0.0,5.0,0.0,1.0,0.0,0.0,-1.5,0.0,2.0,1.0
